-- phpMyAdmin SQL Dump
-- version 4.6.4
-- https://www.phpmyadmin.net/
--
-- Host: fdb12.eohost.com
-- Generation Time: 17-Nov-2018 às 22:12
-- Versão do servidor: 5.7.20-log
-- PHP Version: 5.5.38

SET SQL_MODE = "NO_AUTO_VALUE_ON_ZERO";
SET time_zone = "+00:00";


/*!40101 SET @OLD_CHARACTER_SET_CLIENT=@@CHARACTER_SET_CLIENT */;
/*!40101 SET @OLD_CHARACTER_SET_RESULTS=@@CHARACTER_SET_RESULTS */;
/*!40101 SET @OLD_COLLATION_CONNECTION=@@COLLATION_CONNECTION */;
/*!40101 SET NAMES utf8mb4 */;

--
-- Database: `2181795_bd`
--
CREATE DATABASE IF NOT EXISTS `colecionavel` DEFAULT CHARACTER SET latin1 COLLATE latin1_swedish_ci;
USE `colecionavel`;

-- --------------------------------------------------------

--
-- Estrutura da tabela `tb_game_item`
--

CREATE TABLE `tb_game_item` (
  `id` int(11) NOT NULL,
  `data_cadastro` datetime DEFAULT NULL,
  `data_update` datetime DEFAULT NULL,
  `titulo` varchar(200) DEFAULT NULL,
  `descricao` text,
  `procedencia` varchar(255) DEFAULT NULL,
  `regiao` varchar(255) DEFAULT NULL,
  `valor_pago` decimal(9,2) DEFAULT NULL,
  `valor_atual` decimal(9,2) DEFAULT NULL,
  `plataforma` varchar(255) DEFAULT NULL,
  `tipo` varchar(255) DEFAULT NULL,
  `codigo` varchar(20) DEFAULT NULL,
  `genero` varchar(255) DEFAULT NULL,
  `produtora` varchar(255) DEFAULT NULL,
  `publicadora` varchar(255) DEFAULT NULL,
  `complemento` int(11) DEFAULT NULL,
  `avaliacao` int(11) DEFAULT NULL,
  `local_primeiro` varchar(200) DEFAULT NULL,
  `local_segundo` varchar(200) DEFAULT NULL,
  `local_terceiro` varchar(200) DEFAULT NULL,
  `flag_cartucho_disco` int(11) DEFAULT NULL,
  `flag_replica` int(11) DEFAULT NULL,
  `flag_protetor` int(11) DEFAULT NULL,
  `flag_cd_dvd` int(11) DEFAULT NULL,
  `flag_caixa` int(11) DEFAULT NULL,
  `flag_manual` int(11) DEFAULT NULL,
  `flag_berco` int(11) DEFAULT NULL,
  `flag_panfleto` int(11) DEFAULT NULL,
  `flag_poster` int(11) DEFAULT NULL,
  `flag_nota_fiscal` int(11) DEFAULT NULL,
  `flag_lacrado` int(11) DEFAULT NULL,
  `flag_luva` int(11) DEFAULT NULL,
  `id_user` int(11) DEFAULT NULL,
  `status` varchar(1) DEFAULT 'C',
  `progressao` int(11) DEFAULT '0',
  `situacao` varchar(50) DEFAULT NULL COMMENT 'comprado, alugado, emprestado...',
  `possui` int(11) DEFAULT NULL COMMENT 'se tem ou não o item',
  `screenshot1` varchar(255) DEFAULT NULL,
  `screenshot2` varchar(255) DEFAULT NULL,
  `screenshot3` varchar(255) DEFAULT NULL,
  `screenshot4` varchar(255) DEFAULT NULL,
  `tempo` int(11) DEFAULT NULL COMMENT 'tempo de jogo',
  `num_jogadas` int(11) NOT NULL,
  `imagem` varchar(255) DEFAULT NULL
) ENGINE=InnoDB DEFAULT CHARSET=utf8;

--
-- Extraindo dados da tabela `tb_game_item`
--

INSERT INTO `tb_game_item` (`id`, `data_cadastro`, `data_update`, `titulo`, `descricao`, `procedencia`, `regiao`, `valor_pago`, `valor_atual`, `plataforma`, `tipo`, `codigo`, `genero`, `produtora`, `publicadora`, `complemento`, `avaliacao`, `local_primeiro`, `local_segundo`, `local_terceiro`, `flag_cartucho_disco`, `flag_replica`, `flag_protetor`, `flag_cd_dvd`, `flag_caixa`, `flag_manual`, `flag_berco`, `flag_panfleto`, `flag_poster`, `flag_nota_fiscal`, `flag_lacrado`, `flag_luva`, `id_user`, `status`, `progressao`, `situacao`, `possui`, `screenshot1`, `screenshot2`, `screenshot3`, `screenshot4`, `tempo`, `num_jogadas`, `imagem`) VALUES
(1, '2017-11-26 15:30:35', '2018-10-22 23:32:37', 'Injustice Gods Among', '3', 'Original', 'BRA', 84.80, 0.00, 'Xbox 360', 'Jogo Físico', '', 'Luta', 'Netherhelms', 'Warner Bros Games', 0, 5, '', '', '', 1, 0, 1, 1, 1, 0, 0, 0, 0, 0, 0, 0, 2, 'C', 100, 'Comprado', 1, 'default.jpg', 'default.jpg', 'default.jpg', 'default.jpg', 6, 1, '914032eade889566935cf9f7eaba9623.png'),
(2, '2017-11-28 23:06:06', '2018-10-22 23:35:09', 'Metal Gear Rising', '', 'Original', 'USA', 19.90, 0.00, 'Xbox 360', 'Jogo Físico', '', 'Ação', 'Konami', 'Konami', 0, 10, '', '', '', 1, 0, 0, 1, 0, 0, 0, 0, 0, 0, 0, 0, 2, 'E', 7, 'Comprado', 1, 'default.jpg', 'default.jpg', 'default.jpg', 'default.jpg', 2, 1, '9a54f34a6e9b4e9e627bc489555606e4.jpg'),
(3, '2017-08-13 18:47:07', '2018-01-16 00:48:49', 'Assassins Creed IV - Black Flag', '', 'Original', 'BRA', 50.00, 0.00, 'Xbox 360', 'Jogo Físico', '', 'Aventura', '', '', 0, 5, '', '', '', 1, 0, 1, 1, 1, 0, 0, 0, 0, 0, 0, 0, 2, 'C', 100, 'Comprado', 1, 'default.jpg', 'default.jpg', 'default.jpg', 'default.jpg', 12, 1, '3ea99c11391809ce5166446a3b43586f.jpg'),
(4, '2017-09-27 16:54:51', '2018-01-01 18:34:45', 'Gears of War', '', 'Original', 'USA', 50.00, 0.00, 'Xbox 360', 'Jogo Físico', '', 'Ação', '', '', 0, 5, '', '', '', 1, 0, 0, 0, 0, 0, 0, 0, 0, 0, 0, 0, 2, 'C', 100, 'Comprado', 1, 'default.jpg', 'default.jpg', 'default.jpg', 'default.jpg', 10, 1, 'a9da9d1d062d5c5b7624bf93713302ed.jpg'),
(5, '2017-08-13 18:51:51', NULL, 'Gears of War 2', '', 'Original', 'USA', 50.00, 0.00, 'Xbox 360', 'Jogo Físico', '', 'Ação', '', '', 0, 5, '', '', '', 1, 0, 0, 0, 0, 0, 0, 0, 0, 0, 0, 0, 2, 'C', 100, 'Comprado', 1, 'default.jpg', 'default.jpg', 'default.jpg', 'default.jpg', 10, 1, '63c4963bc10338f33b8cec9d1a4c9858.jpg'),
(6, '2017-08-13 18:53:02', NULL, 'Gears of War 3', '', 'Original', 'BRA', 50.00, 0.00, 'Xbox 360', 'Jogo Físico', '', 'Ação', '', '', 0, 5, '', '', '', 1, 0, 0, 0, 0, 0, 0, 0, 0, 0, 0, 0, 2, 'C', 100, 'Comprado', 1, 'default.jpg', 'default.jpg', 'default.jpg', 'default.jpg', 10, 1, '8d9254936e058b75f7b1bf45f5b97bb0.jpg'),
(7, '2017-08-13 18:44:20', NULL, 'Turok', '', 'Original', 'USA', 60.00, 0.00, 'Xbox 360', 'Jogo Físico', '', 'FPS', '', '', 0, 5, '', '', '', 1, 0, 0, 0, 0, 0, 0, 0, 0, 0, 0, 0, 2, 'C', 100, 'Comprado', 1, 'default.jpg', 'default.jpg', 'default.jpg', 'default.jpg', 10, 1, '1a40e84756d7266999bb1958d3b8532f.jpg'),
(8, '2017-08-22 09:05:02', '2018-01-10 18:18:46', 'Mortal Kombat Komplete Edition', '', 'Original', 'BRA', 80.00, 0.00, 'Xbox 360', 'Jogo Físico', '', 'Luta', '', '', 0, 60, '', '', '', 1, 0, 0, 1, 1, 0, 0, 0, 0, 0, 0, 0, 2, 'C', 100, 'Comprado', 1, '2164046e31646afda7facac894ee420a.jpg', 'ceef607251f9f2c624be9c627e6d83cf.jpg', '20348740672f2f244dafd363112e4c8a.jpg', '63ddf73dec2940e4a2a04c4917407196.jpg', 40, 40, '2ab53906c36fb21c8dbc9af51ba86ba3.jpg'),
(9, '2017-09-28 12:13:05', NULL, 'Super Street Fighter IV', '', 'Original', 'USA', 50.00, 0.00, 'Xbox 360', 'Jogo Físico', '', 'Luta', '', '', 0, 5, '', '', '', 1, 0, 0, 0, 0, 0, 0, 0, 0, 0, 0, 0, 2, 'C', 100, 'Comprado', 1, 'default.jpg', 'default.jpg', 'default.jpg', 'default.jpg', 10, 1, '58d41f92df3bb5e312deb9a2dc87618d.jpg'),
(10, '2017-08-22 09:52:30', NULL, 'Batman Arkham Origins', '', 'Original', 'BRA', 50.00, 0.00, 'Xbox 360', 'Jogo Físico', '', 'Ação', '', '', 0, 5, '', '', '', 1, 0, 0, 0, 0, 0, 0, 0, 0, 0, 0, 0, 2, 'C', 100, 'Comprado', 1, 'default.jpg', 'default.jpg', 'default.jpg', 'default.jpg', 10, 1, '923f1650e4847c7bb7c5fdb8eb195d53.jpg'),
(11, '2017-11-26 22:42:21', NULL, 'Binary Domian', '', 'Original', 'USA', 70.00, 0.00, 'Xbox 360', 'Jogo Físico', '', 'Ação', '', '', 0, 5, '', '', '', 1, 0, 0, 0, 0, 0, 0, 0, 0, 0, 0, 0, 2, 'P', 0, 'Comprado', 1, 'default.jpg', 'default.jpg', 'default.jpg', 'default.jpg', 0, 0, '9ceb343345fb3b9db0fb19a985c601ae.jpg'),
(12, '2017-09-28 16:48:28', NULL, 'Rare Replay', '', 'Original', 'USA', 50.00, 0.00, 'Xbox One', 'Jogo Físico', '', 'Aventura', '', '', 0, 5, '', '', '', 1, 0, 0, 0, 0, 0, 0, 0, 0, 0, 0, 0, 2, 'C', 100, 'Comprado', 1, 'default.jpg', 'default.jpg', 'default.jpg', 'default.jpg', 10, 1, '1da09f00398448c81ffed2a67db43809.jpg'),
(13, '2017-11-28 23:06:13', NULL, 'Metal Gear 5 - The Phanton Pain', '', 'Original', 'BRA', 50.00, 0.00, 'Xbox One', 'Jogo Físico', '', 'Ação', '', '', 0, 5, '', '', '', 1, 0, 0, 0, 0, 0, 0, 0, 0, 0, 0, 0, 2, 'P', 0, 'Comprado', 1, 'default.jpg', 'default.jpg', 'default.jpg', 'default.jpg', 0, 0, '89b8d5b1351f9cd1afbaeb026823fec7.png'),
(15, '2017-09-28 12:17:34', '2018-10-22 23:43:03', 'Gears of War 4', '', 'Original', 'BRA', 89.00, 0.00, 'Xbox One', 'Jogo Físico', '', 'Ação', '', '', 0, 5, '', '', '', 1, 0, 0, 0, 0, 0, 0, 0, 0, 0, 0, 0, 2, 'C', 100, 'Comprado', 1, 'default.jpg', 'default.jpg', 'default.jpg', 'default.jpg', 10, 1, '22a0e9a67cd4f854c01aa24931f6e958.jpg'),
(16, '2017-09-28 12:18:14', '2018-10-22 23:33:03', 'Doom', '', 'Original', 'USA', 169.95, 0.00, 'Xbox One', 'Jogo Físico', '', 'FPS', '', '', 0, 5, '', '', '', 1, 0, 0, 0, 0, 0, 0, 0, 0, 0, 0, 0, 2, 'C', 100, 'Comprado', 1, 'default.jpg', 'default.jpg', 'default.jpg', 'default.jpg', 10, 1, '0c13d4ca56319aeba32a38b9eed78147.png'),
(17, '2017-08-29 15:50:23', '2018-10-22 23:34:04', 'Ryse Son Of Rome', '', 'Original', 'USA', 79.90, 0.00, 'Xbox One', 'Jogo Físico', '', 'Ação', '', '', 0, 5, '', '', '', 1, 0, 0, 0, 0, 0, 0, 0, 0, 0, 0, 0, 2, 'C', 100, 'Comprado', 1, 'default.jpg', 'default.jpg', 'default.jpg', 'default.jpg', 10, 1, 'f6c433155c2b13c56d110ac27ae54268.jpg'),
(18, '2017-09-28 12:11:20', NULL, 'Killer Instinct - Definitive Edition', '', 'Original', 'USA', 50.00, 0.00, 'Xbox One', 'Jogo Físico', '', 'Luta', '', '', 0, 5, '', '', '', 1, 0, 0, 0, 0, 0, 0, 0, 0, 0, 0, 0, 2, 'C', 100, 'Comprado', 1, 'default.jpg', 'default.jpg', 'default.jpg', 'default.jpg', 10, 1, 'f231530d1433dd02845785ab1c10cbe2.jpg'),
(19, '2017-08-24 16:50:17', '2018-10-22 23:40:24', 'Mortal Kombat X', '', 'Original', 'BRA', 149.00, 0.00, 'Xbox One', 'Jogo Físico', '', 'Luta', '', '', 0, 5, '', '', '', 1, 0, 0, 0, 0, 0, 0, 0, 0, 0, 0, 0, 2, 'C', 100, 'Comprado', 1, 'default.jpg', 'default.jpg', 'default.jpg', 'default.jpg', 10, 1, '0211d3af4ac9451d4925cc471351f295.png'),
(20, '2017-09-28 12:19:21', NULL, 'Halo 5', '', 'Original', 'BRA', 50.00, 0.00, 'Xbox One', 'Jogo Físico', '', 'FPS', '', '', 0, 5, '', '', '', 1, 0, 0, 0, 0, 0, 0, 0, 0, 0, 0, 0, 2, 'C', 100, 'Comprado', 1, 'default.jpg', 'default.jpg', 'default.jpg', 'default.jpg', 10, 1, '03291da4531437366c5064be8e0a1d76.jpg'),
(21, '2017-11-28 23:09:48', '2018-06-14 22:57:13', 'Senhor dos Aneis - O Retorno do Rei', '', 'Original', 'USA', 10.00, 0.00, 'PC-FX', 'Jogo Físico', '', 'Aventura', '', '', 0, 5, '', '', '', 1, 0, 0, 0, 0, 0, 0, 0, 0, 0, 0, 0, 2, 'P', 0, 'Comprado', 1, 'default.jpg', 'default.jpg', 'default.jpg', 'default.jpg', 0, 0, '87059d395dff64b68a3deb44d1e6bdc3.jpg'),
(22, '2017-09-22 17:13:34', '2018-06-14 22:55:30', 'Command & Conquer Red Alert', '', 'Original', 'USA', 10.00, 0.00, 'PC-FX', 'Jogo Físico', '', 'RTS', '', '', 0, 5, '', '', '', 1, 0, 0, 0, 0, 0, 0, 0, 0, 0, 0, 0, 2, 'C', 100, 'Comprado', 1, 'default.jpg', 'default.jpg', 'default.jpg', 'default.jpg', 10, 1, '95caa0a08887879b97177bbb7ab3ee5d.jpg'),
(23, '2017-11-28 23:14:28', '2018-06-14 22:56:38', 'Command & Conquer Tiberian Sun', '', 'Original', 'USA', 10.00, 0.00, 'PC-FX', 'Jogo Físico', '', 'RTS', '', '', 0, 5, '', '', '', 1, 0, 0, 0, 0, 0, 0, 0, 0, 0, 0, 0, 2, 'P', 0, 'Comprado', 1, 'default.jpg', 'default.jpg', 'default.jpg', 'default.jpg', 0, 0, '88d303e1c93780d607efbbf9628e1d23.jpg'),
(24, '2017-09-22 17:11:50', '2018-06-14 22:59:41', 'Unreal Tournament', '', 'Original', 'USA', 0.00, 0.00, 'PC-FX', 'Jogo Físico', '', 'FPS', '', '', 0, 5, '', '', '', 1, 0, 0, 0, 0, 0, 0, 0, 0, 0, 0, 0, 2, 'C', 100, 'Comprado', 1, 'default.jpg', 'default.jpg', 'default.jpg', 'default.jpg', 10, 1, '37faf1612a3f02c8adf5e498f2caf10e.jpg'),
(25, '2017-11-28 23:08:50', '2017-12-30 13:34:32', 'Need For Speed Carbon', '', 'Original', 'USA', 0.00, 0.00, 'Wii', 'Jogo Físico', '', 'Corrida', '', '', 0, 5, '', '', '', 1, 0, 0, 0, 0, 0, 0, 0, 0, 0, 0, 0, 2, 'P', 0, 'Comprado', 1, 'default.jpg', 'default.jpg', 'default.jpg', 'default.jpg', 0, 0, '667bbc348dd15bc925d670f8e423cf8e.png'),
(26, '2017-08-29 15:59:52', NULL, 'Mario Kart Wii', '', 'Original', 'USA', 0.00, 0.00, 'Wii', 'Jogo Físico', '', 'Corrida', '', '', 0, 5, '', '', '', 1, 0, 0, 0, 0, 0, 0, 0, 0, 0, 0, 0, 2, 'C', 100, 'Comprado', 1, 'default.jpg', 'default.jpg', 'default.jpg', 'default.jpg', 10, 1, 'a4b19c2c48c60c9efeb4998a535eeab0.jpg'),
(27, '2017-08-29 16:00:33', NULL, 'Super Mario Galaxy', '', 'Original', 'USA', 79.00, 0.00, 'Wii', 'Jogo Físico', '', 'Aventura', '', '', 0, 5, '', '', '', 1, 0, 0, 0, 0, 0, 0, 0, 0, 0, 0, 0, 2, 'C', 100, 'Comprado', 1, 'default.jpg', 'default.jpg', 'default.jpg', 'default.jpg', 10, 1, '466bc77cc6a5abfbb59016d41a9e5d2d.jpg'),
(28, '2017-08-29 16:01:38', '2018-01-18 14:40:44', 'Wii Sport ', '', 'Original', 'USA', 0.00, 0.00, 'Wii', 'Jogo Físico', '', 'Esporte', '', '', 0, 5, '', '', '', 1, 0, 0, 0, 0, 0, 0, 0, 0, 0, 0, 0, 2, 'C', 100, 'Comprado', 1, 'default.jpg', 'default.jpg', 'default.jpg', 'default.jpg', 10, 1, 'aed88919e1f52801fbdcd4174f7866a9.jpg'),
(29, '2017-08-29 16:02:11', NULL, 'Wii Sport Resort', '', 'Original', 'USA', 0.00, 0.00, 'Wii', 'Jogo Físico', '', 'Esporte', '', '', 0, 5, '', '', '', 1, 0, 0, 0, 0, 0, 0, 0, 0, 0, 0, 0, 2, 'C', 100, 'Comprado', 1, 'default.jpg', 'default.jpg', 'default.jpg', 'default.jpg', 10, 1, '840e97e5d8187474b89cb2a1558d5f95.jpg'),
(30, '2017-11-26 22:45:55', '2018-01-12 19:51:27', 'Dave Mirra Freestyle BMX', '', 'Original', 'USA', 0.00, 0.00, 'PlayStation', 'Jogo Físico', '', 'Esporte', '', '', 0, 5, '', '', '', 1, 0, 0, 0, 0, 0, 0, 0, 0, 0, 0, 0, 2, 'P', 0, 'Doado', 1, 'default.jpg', 'default.jpg', 'default.jpg', 'default.jpg', 0, 0, '609091339deb305d13ad361630ac04c6.png'),
(31, '2017-08-28 10:05:58', '2018-10-22 23:53:48', 'Shadow of the Colossus', '', 'Original', 'USA', 85.00, 0.00, 'PlayStation 2', 'Jogo Físico', '', 'Aventura', '', '', 0, 5, '', '', '', 1, 0, 0, 0, 0, 0, 0, 0, 0, 0, 0, 0, 2, 'C', 100, 'Comprado', 1, 'default.jpg', 'default.jpg', 'default.jpg', 'default.jpg', 10, 1, 'ef49d0c104430adaaaa4abdba012c0eb.jpg'),
(32, '2017-11-26 22:51:04', NULL, 'Socom - U.S. Navy Seals', '', 'Original', 'USA', 10.00, 0.00, 'PlayStation 2', 'Jogo Físico', '', 'Ação', '', '', 0, 5, '', '', '', 1, 0, 0, 0, 0, 0, 0, 0, 0, 0, 0, 0, 2, 'P', 0, 'Comprado', 1, 'default.jpg', 'default.jpg', 'default.jpg', 'default.jpg', 0, 0, '84876afabfadaeb239b6aecad5480b10.jpg'),
(33, '2017-11-28 23:12:01', NULL, 'The Lord of the Ring - Aragorn s Quest', '', 'Original', 'USA', 10.00, 0.00, 'PlayStation 2', 'Jogo Físico', '', 'Aventura', '', '', 0, 5, '', '', '', 1, 0, 0, 0, 0, 0, 0, 0, 0, 0, 0, 0, 2, 'P', 0, 'Comprado', 1, 'default.jpg', 'default.jpg', 'default.jpg', 'default.jpg', 0, 0, '28a58d968447ca3b235e0e0be3c6ebdb.jpg'),
(34, '2017-11-26 22:50:00', NULL, 'Jet Li - Rise to  Honor', '', 'Original', 'USA', 10.00, 0.00, 'PlayStation 2', 'Jogo Físico', '', 'Ação', '', '', 0, 5, '', '', '', 1, 0, 0, 0, 0, 0, 0, 0, 0, 0, 0, 0, 2, 'P', 0, 'Comprado', 1, 'default.jpg', 'default.jpg', 'default.jpg', 'default.jpg', 0, 0, 'ea3d808496392e0b5fe9b2fef339cda2.jpg'),
(35, '2017-08-30 12:22:18', NULL, 'Syphon Filter - Dark Mirror', '', 'Original', 'USA', 10.00, 0.00, 'PlayStation 2', 'Jogo Físico', '', 'Ação', '', '', 0, 5, '', '', '', 1, 0, 0, 0, 0, 0, 0, 0, 0, 0, 0, 0, 2, 'C', 100, 'Comprado', 1, 'default.jpg', 'default.jpg', 'default.jpg', 'default.jpg', 10, 1, '85dfc37d1076607183e4c4f43e86825d.jpg'),
(36, '2017-08-30 12:23:43', NULL, 'God of War', '', 'Original', 'USA', 25.00, 0.00, 'PlayStation 2', 'Jogo Físico', '', 'Ação', '', '', 0, 5, '', '', '', 1, 0, 0, 0, 0, 0, 0, 0, 0, 0, 0, 0, 2, 'C', 100, 'Comprado', 1, 'default.jpg', 'default.jpg', 'default.jpg', 'default.jpg', 10, 1, '13c73213181b4acc259052821a298beb.png'),
(37, '2017-08-30 12:22:28', '2018-01-10 14:27:46', 'God of War 2', '', 'Original', 'USA', 19.00, 50.00, 'PlayStation 2', 'Jogo Físico', '', 'Ação', '', '', 0, 5, 'Sala', 'Prateleira', 'Caixa', 1, 0, 0, 0, 1, 1, 0, 0, 0, 0, 0, 0, 2, 'C', 100, 'Comprado', 1, 'default.jpg', 'default.jpg', 'default.jpg', 'default.jpg', 10, 1, '0595f6d13d04b8a6ed329c7b917e75fe.jpg'),
(38, '2017-11-28 23:11:45', '2018-10-22 23:36:02', 'Super Scribblenauts', '', 'Original', 'USA', 29.90, 0.00, 'Nintendo DS Lite', 'Jogo Físico', '', 'Puzzler', '', '', 0, 30, '', '', '', 1, 0, 0, 0, 1, 1, 0, 0, 0, 1, 0, 0, 2, 'E', 50, 'Comprado', 1, 'default.jpg', 'default.jpg', 'default.jpg', 'default.jpg', 15, 1, '6feab99580220a063cb0743ed25e26f1.jpg'),
(39, '2017-11-26 22:48:16', '2018-10-22 23:35:34', 'Green Lantern - Rise of the Manhunters', '', 'Original', 'USA', 29.90, 0.00, 'Nintendo DS Lite', 'Jogo Físico', '', 'Aventura', '', '', 0, 5, '', '', '', 1, 0, 0, 0, 0, 0, 0, 0, 0, 0, 0, 0, 2, 'P', 0, 'Comprado', 1, 'default.jpg', 'default.jpg', 'default.jpg', 'default.jpg', 0, 0, 'f9f7e4abecd9c146b29f3b776d0aabf6.jpg'),
(40, '2017-08-30 16:16:24', '2018-06-28 09:31:11', 'Call of Duty 4 - Modern Warfare', '', 'Original', 'USA', 20.00, 0.00, 'Nintendo DS Lite', 'Jogo Físico', '', 'FPS', '', '', 0, 5, '', '', '', 1, 0, 0, 0, 0, 0, 0, 0, 0, 0, 0, 0, 2, 'C', 100, 'Comprado', 1, 'default.jpg', 'default.jpg', 'default.jpg', 'default.jpg', 10, 1, '0dbb129bade5c5f62a7a81779be3d069.jpg'),
(41, '2017-08-24 16:57:03', '2018-06-28 09:31:23', 'Ultimate Mortal Kombat DS', '', 'Original', 'USA', 90.00, 0.00, 'Nintendo DS Lite', 'Jogo Físico', '', 'Luta', '', '', 0, 5, '', '', '', 1, 0, 0, 0, 0, 0, 0, 0, 0, 0, 0, 0, 2, 'C', 100, 'Comprado', 1, 'default.jpg', 'default.jpg', 'default.jpg', 'default.jpg', 10, 1, '6d3deebd0290a86936512c416e3ff7a5.jpg'),
(42, '2017-09-28 12:14:00', '2018-10-23 00:03:02', 'God of War - Ghost of Sparta', '', 'Original', 'USA', 30.00, 0.00, 'PSP 3000', 'Jogo Físico', '', 'Ação', '', '', 0, 5, '', '', '', 1, 0, 0, 0, 0, 0, 0, 0, 0, 0, 0, 0, 2, 'C', 100, 'Comprado', 1, 'default.jpg', 'default.jpg', 'default.jpg', 'default.jpg', 10, 1, '956b44b7e2caecbce80e646ee8c6abc5.jpg'),
(43, '2017-08-30 16:36:42', '2018-10-23 00:03:15', 'God of War - Chains of Olympus', '', 'Original', 'USA', 60.00, 0.00, 'PSP 3000', 'Jogo Físico', '', 'Ação', '', '', 0, 5, '', '', '', 1, 0, 0, 0, 0, 0, 0, 0, 0, 0, 0, 0, 2, 'C', 100, 'Comprado', 1, 'default.jpg', 'default.jpg', 'default.jpg', 'default.jpg', 10, 1, '267a614fda6e90058b34b61fdc69439d.jpg'),
(44, '2017-11-28 23:08:37', '2018-06-28 09:29:08', 'Midnight Club 3 - Dub Edition', '', 'Original', 'USA', 10.00, 0.00, 'PSP 3000', 'Jogo Físico', '', 'Corrida', '', '', 0, 5, '', '', '', 1, 0, 0, 0, 0, 0, 0, 0, 0, 0, 0, 0, 2, 'P', 0, 'Comprado', 1, 'default.jpg', 'default.jpg', 'default.jpg', 'default.jpg', 0, 0, '5a10e6ad98faa5b5510fb25b013bad85.jpg'),
(45, '2017-11-28 23:06:40', '2018-10-22 23:34:40', 'Manhunt 2', '', 'Original', 'USA', 9.90, 0.00, 'PSP 3000', 'Jogo Físico', '', 'Ação', '', '', 0, 5, '', '', '', 1, 0, 0, 0, 0, 0, 0, 0, 0, 0, 0, 0, 2, 'P', 0, 'Comprado', 1, 'default.jpg', 'default.jpg', 'default.jpg', 'default.jpg', 0, 0, '26e30872da0af9fee93cc1d09fd7e749.jpg'),
(46, '2017-09-22 12:14:51', NULL, 'Super Smash Bros 3DS', '', 'Original', 'USA', 149.00, 0.00, 'Nintendo 3DS', 'Jogo Físico', '', 'Luta', '', '', 0, 5, '', '', '', 1, 0, 0, 0, 0, 0, 0, 0, 0, 0, 0, 0, 2, 'C', 100, 'Comprado', 1, 'default.jpg', 'default.jpg', 'default.jpg', 'default.jpg', 10, 1, 'ada10f189c0819f11df7f51bcaeea1ca.jpg'),
(47, '2017-09-22 12:15:05', '2018-10-22 23:25:48', 'Super Mario 3D Land', '', 'Original', 'USA', 129.00, 0.00, 'Nintendo 3DS', 'Jogo Físico', '', 'Aventura', '', '', 0, 5, '', '', '', 1, 0, 0, 0, 0, 0, 0, 0, 0, 0, 0, 0, 2, 'C', 100, 'Comprado', 1, 'default.jpg', 'default.jpg', 'default.jpg', 'default.jpg', 10, 1, '21369b6c80d8844f049ac20ca225ca40.jpg'),
(48, '2017-11-26 22:42:41', '2018-01-16 10:54:00', 'Bravely Default', '', 'Original', 'USA', 149.00, 0.00, 'Nintendo 3DS', 'Jogo Físico', '', 'RPG', 'Square Enix', 'Square Enix', 0, 60, 'Sala', 'Armario Arcade', 'Prateleira', 1, 0, 0, 0, 1, 1, 0, 0, 0, 0, 0, 0, 2, 'E', 30, 'Comprado', 1, 'default.jpg', 'default.jpg', 'default.jpg', 'default.jpg', 10, 1, '619ebf91cdaab589632db965cc5f5705.jpg'),
(49, '2017-11-26 22:53:29', '2018-05-05 22:58:44', 'New Super Mario Bros 2', '', 'Original', 'USA', 50.00, 75.00, 'Nintendo 3DS', 'Jogo Físico', '', 'Aventura', 'Nintendo', 'Nintendo', 0, 75, '', '', '', 1, 0, 0, 0, 1, 1, 0, 0, 0, 0, 0, 0, 2, 'C', 95, 'Comprado', 1, 'default.jpg', 'default.jpg', 'default.jpg', 'default.jpg', 15, 1, 'a41773b25ffaaa6104bba23162942902.jpg'),
(50, '2017-11-28 23:06:24', '2018-01-16 11:00:00', 'Mario & Luigi - Dream Team', '', 'Original', 'USA', 149.00, 0.00, 'Nintendo 3DS', 'Jogo Físico', '', 'RPG', '', '', 0, 25, '', '', '', 1, 0, 0, 0, 1, 1, 0, 0, 0, 0, 0, 0, 2, 'E', 20, 'Comprado', 1, 'default.jpg', 'default.jpg', 'default.jpg', 'default.jpg', 7, 1, 'e9958d1606ea86d6f2705472334ad659.jpg'),
(51, '2017-11-26 22:44:38', NULL, 'Castlevania - Lords of Shadow Mirror of Fate', '', 'Original', 'USA', 20.00, 0.00, 'Nintendo 3DS', 'Jogo Físico', '', 'Aventura', 'Konami', 'Konami', 0, 20, '', '', '', 1, 0, 0, 0, 1, 1, 0, 0, 0, 0, 0, 0, 2, 'E', 30, 'Comprado', 1, 'default.jpg', 'default.jpg', 'default.jpg', 'default.jpg', 6, 1, 'c01dd378f0b44f6ce9242baa13d78b70.jpg'),
(52, '2017-09-22 12:15:39', NULL, 'The Legend of Zelda - A Link Between Worlds', '', 'Original', 'USA', 149.00, 0.00, 'Nintendo 3DS', 'Jogo Físico', '', 'Aventura', '', '', 0, 5, '', '', '', 1, 0, 0, 0, 0, 0, 0, 0, 0, 0, 0, 0, 2, 'C', 100, 'Comprado', 1, 'default.jpg', 'default.jpg', 'default.jpg', 'default.jpg', 10, 1, '9efd072645d1145dea38faef8801e478.jpg'),
(53, '2017-09-22 12:15:46', NULL, 'Pokemon Y', '', 'Original', 'USA', 149.00, 0.00, 'Nintendo 3DS', 'Jogo Físico', '', 'RPG', '', '', 0, 5, '', '', '', 1, 0, 0, 0, 0, 0, 0, 0, 0, 0, 0, 0, 2, 'C', 100, 'Comprado', 1, 'default.jpg', 'default.jpg', 'default.jpg', 'default.jpg', 10, 1, '069457206c534c257d7a61078f94d6f4.png'),
(54, '2017-11-26 17:16:34', '2018-10-22 23:54:09', 'James Bond 007', '', 'Original', 'USA', 49.00, 0.00, 'Game Boy', 'Jogo Físico', '', 'Aventura', '', '', 0, 80, '', '', '', 1, 0, 0, 0, 1, 1, 1, 0, 0, 0, 0, 0, 2, 'C', 95, 'Comprado', 1, 'default.jpg', 'default.jpg', 'default.jpg', 'default.jpg', 7, 5, '2cd9d3b24aa7fd59a311e6a6551c86f4.jpg'),
(55, '2017-09-21 14:13:46', NULL, 'Corrida Maluca', '', 'Original', 'USA', 25.00, 0.00, 'Game Boy Color', 'Jogo Físico', '', 'Corrida', '', '', 0, 5, '', '', '', 1, 0, 0, 0, 0, 0, 0, 0, 0, 0, 0, 0, 2, 'C', 100, 'Comprado', 1, 'default.jpg', 'default.jpg', 'default.jpg', 'default.jpg', 10, 1, 'cb90446e7a9a4ae128afac42d223669e.png'),
(56, '2017-09-21 14:16:22', NULL, 'Tony Hawk Pro Skater', '', 'Original', 'USA', 25.00, 0.00, 'Game Boy Color', 'Jogo Físico', '', 'Esporte', '', '', 0, 5, '', '', '', 1, 0, 0, 0, 0, 0, 0, 0, 0, 0, 0, 0, 2, 'C', 100, 'Comprado', 1, 'default.jpg', 'default.jpg', 'default.jpg', 'default.jpg', 10, 1, 'f913c68c77ec1a34f7bd28848c52facf.jpg'),
(57, '2017-09-21 14:13:26', NULL, 'Spider Man 2 - The Sinister Six', '', 'Original', 'USA', 25.00, 0.00, 'Game Boy Color', 'Jogo Físico', '', 'Aventura', '', '', 0, 5, '', '', '', 1, 0, 0, 0, 0, 0, 0, 0, 0, 0, 0, 0, 2, 'C', 100, 'Comprado', 1, 'default.jpg', 'default.jpg', 'default.jpg', 'default.jpg', 10, 1, 'acd057da7c1eccb3a5653ca3f8b9cefc.png'),
(58, '2017-08-25 12:08:35', NULL, 'Super Mario Land 3 - Wario Land', '', 'Original', 'USA', 20.00, 0.00, 'Game Boy', 'Jogo Físico', '', 'Aventura', '', '', 0, 5, '', '', '', 1, 0, 0, 0, 0, 0, 0, 0, 0, 0, 0, 0, 2, 'C', 100, 'Comprado', 1, 'default.jpg', 'default.jpg', 'default.jpg', 'default.jpg', 10, 1, 'a7126b95aa1947aed5a107f68b0276ff.jpg'),
(59, '2017-09-21 14:13:33', NULL, 'Street Fighter Alpha - Warrios Dreams', '', 'Original', 'USA', 25.00, 0.00, 'Game Boy Color', 'Jogo Físico', '', 'Luta', '', '', 0, 5, '', '', '', 1, 0, 0, 0, 0, 0, 0, 0, 0, 0, 0, 0, 2, 'C', 100, 'Comprado', 1, 'default.jpg', 'default.jpg', 'default.jpg', 'default.jpg', 10, 1, '4476b93fe5d8a76061089d14563ce192.jpg'),
(60, '2017-09-21 14:37:08', NULL, 'Watashi no Restaurant (CGB-BWNJ-JPN)', '', 'Original', 'JAP', 0.00, 0.00, 'Game Boy Color', 'Jogo Físico', '', 'Aventura', '', '', 0, 5, '', '', '', 1, 0, 0, 0, 0, 0, 0, 0, 0, 0, 0, 0, 2, 'C', 100, 'Comprado', 1, 'default.jpg', 'default.jpg', 'default.jpg', 'default.jpg', 10, 1, 'c9bd2910c98defc600c75fd27c3e4d57.jpg'),
(61, '2017-09-21 14:38:57', NULL, 'Momotarou Densetsu 1-2 (CGB-BI2J-JPN)', '', 'Original', 'JAP', 0.00, 0.00, 'Game Boy Color', 'Jogo Físico', '', 'RPG', '', '', 0, 5, '', '', '', 1, 0, 0, 0, 0, 0, 0, 0, 0, 0, 0, 0, 2, 'C', 100, 'Comprado', 1, 'default.jpg', 'default.jpg', 'default.jpg', 'default.jpg', 10, 1, '775312d862cd438c7424902a5dfaf4dd.jpg'),
(62, '2017-11-26 22:46:44', NULL, 'Donkey Kong Land 3', '', 'Original', 'JAP', 33.00, 0.00, 'Game Boy Color', 'Jogo Físico', '', 'Aventura', '', '', 0, 5, '', '', '', 1, 0, 0, 0, 0, 0, 0, 0, 0, 0, 0, 0, 2, 'P', 0, 'Comprado', 1, 'default.jpg', 'default.jpg', 'default.jpg', 'default.jpg', 0, 0, 'e59a0c55c9940fb4e14453bad251bd04.jpg'),
(63, '2017-11-28 23:09:21', '2018-01-12 19:47:09', 'Pokemon Cristal', '', 'Pirata', 'USA', 0.00, 0.00, 'Game Boy', 'Jogo Físico', '', 'RPG', '', '', 0, 5, '', '', '', 1, 0, 0, 0, 0, 0, 0, 0, 0, 0, 0, 0, 2, 'P', 0, 'Doado', 1, 'default.jpg', 'default.jpg', 'default.jpg', 'default.jpg', 0, 0, 'd38e1f9b9e1fc86994f77769a8e5a0ca.jpg'),
(64, '2017-08-25 11:51:01', '2018-01-12 19:49:43', 'Pokemon Blue', '', 'Pirata', 'USA', 0.00, 0.00, 'Game Boy', 'Jogo Físico', '', 'RPG', '', '', 0, 5, '', '', '', 1, 0, 0, 0, 0, 0, 0, 0, 0, 0, 0, 0, 2, 'C', 100, 'Doado', 1, 'default.jpg', 'default.jpg', 'default.jpg', 'default.jpg', 10, 1, '5dc63b61ca168c5849cf6773877a1fe2.jpg'),
(65, '2017-08-25 11:51:20', '2018-01-12 19:49:52', 'Pokemon Gold', '', 'Original', 'USA', 0.00, 0.00, 'Game Boy', 'Jogo Físico', '', 'RPG', '', '', 0, 5, '', '', '', 1, 0, 0, 0, 0, 0, 0, 0, 0, 0, 0, 0, 2, 'C', 100, 'Doado', 1, 'default.jpg', 'default.jpg', 'default.jpg', 'default.jpg', 10, 1, 'c9f248c3837dfb10938cf0c9edcce90b.jpg'),
(66, '2017-08-25 11:51:45', NULL, 'Donkey Kong Land', '', 'Original', 'JAP', 33.00, 0.00, 'Game Boy', 'Jogo Físico', '', 'Aventura', '', '', 0, 5, '', '', '', 1, 0, 0, 0, 0, 0, 0, 0, 0, 0, 0, 0, 2, 'C', 100, 'Comprado', 1, 'default.jpg', 'default.jpg', 'default.jpg', 'default.jpg', 10, 1, '0c13110a195da5848245ae913f7f7e40.jpg'),
(67, '2017-08-25 12:05:48', NULL, 'Donkey Kong Land 2', '', 'Original', 'JAP', 33.00, 0.00, 'Game Boy', 'Jogo Físico', '', 'Aventura', '', '', 0, 5, '', '', '', 1, 0, 0, 0, 0, 0, 0, 0, 0, 0, 0, 0, 2, 'C', 100, 'Comprado', 1, 'default.jpg', 'default.jpg', 'default.jpg', 'default.jpg', 10, 1, '7bdc58993de3544a5dffed6ed642e430.jpg'),
(68, '2017-08-25 12:06:11', '2018-01-12 19:50:02', 'Quest for Camelot', '', 'Original', 'USA', 0.00, 0.00, 'Game Boy', 'Jogo Físico', '', 'Aventura', '', '', 0, 5, '', '', '', 1, 0, 0, 0, 0, 0, 0, 0, 0, 0, 0, 0, 2, 'C', 100, 'Doado', 1, 'default.jpg', 'default.jpg', 'default.jpg', 'default.jpg', 10, 1, '947ad6f8137ccaf293fee7303f743e3d.jpg'),
(69, '2017-08-25 12:06:28', NULL, 'Super Mario Land', '', 'Original', 'JAP', 20.00, 0.00, 'Game Boy', 'Jogo Físico', '', 'Aventura', '', '', 0, 5, '', '', '', 1, 0, 0, 0, 0, 0, 0, 0, 0, 0, 0, 0, 2, 'C', 100, 'Comprado', 1, 'default.jpg', 'default.jpg', 'default.jpg', 'default.jpg', 10, 1, '4989e49506c05d83c6002cd5b9368579.jpg'),
(70, '2017-08-25 12:06:47', NULL, 'Super Mario Land 2', '', 'Original', 'USA', 20.00, 0.00, 'Game Boy', 'Jogo Físico', '', 'Aventura', '', '', 0, 5, '', '', '', 1, 0, 0, 0, 0, 0, 0, 0, 0, 0, 0, 0, 2, 'C', 100, 'Comprado', 1, 'default.jpg', 'default.jpg', 'default.jpg', 'default.jpg', 10, 1, 'ceb1379ebb6dcc2b607824d34458a50a.jpg'),
(71, '2017-08-16 12:41:12', '2018-01-26 22:56:12', 'Street of Rage 2', '', 'Original', 'USA', 25.00, 0.00, 'Mega Drive/Genesis', 'Jogo Físico', '', 'Ação', '', '', 0, 5, '', '', '', 1, 0, 0, 0, 0, 0, 0, 0, 0, 0, 0, 0, 2, 'C', 100, 'Comprado', 1, 'f332f217161b6a2545d395404eafcb5d.jpg', 'b8532517620a1c47961f3f5703c946f7.jpg', '2f349b45c27f15490c833397d9821db7.jpg', '167d0f98f1e7f5d6bfb43319619c21a0.jpg', 10, 1, 'c7083c0ca12180733ed326d03126275b.jpg'),
(72, '2017-08-22 09:02:55', NULL, 'Street of Rage 3 (Bare Knukcle 3)', '', 'Pirata', 'USA', 40.00, 0.00, 'Mega Drive/Genesis', 'Jogo Físico', '', 'Beat em up', '', '', 0, 5, '', '', '', 1, 0, 0, 0, 0, 0, 0, 0, 0, 0, 0, 0, 2, 'C', 100, 'Comprado', 1, 'default.jpg', 'default.jpg', 'default.jpg', 'default.jpg', 10, 1, '2ec6c80dd3052c68c84cc7891ad59524.jpg'),
(73, '2017-08-13 18:25:23', NULL, 'Sega Top Ten', '', 'Original', 'USA', 20.00, 0.00, 'Mega Drive/Genesis', 'Jogo Físico', '', 'Aventura', '', '', 0, 5, '', '', '', 1, 0, 0, 0, 0, 0, 0, 0, 0, 0, 0, 0, 2, 'C', 100, 'Comprado', 1, 'default.jpg', 'default.jpg', 'default.jpg', 'default.jpg', 10, 1, 'a10b3c413624c8ace2b2e2e19b07bec1.jpg'),
(74, '2017-08-24 14:35:16', NULL, 'The Aquatics Games', '', 'Original', 'USA', 0.00, 0.00, 'Mega Drive/Genesis', 'Jogo Físico', '', 'Esporte', '', '', 0, 5, '', '', '', 1, 0, 0, 0, 0, 0, 0, 0, 0, 0, 0, 0, 2, 'C', 100, 'Comprado', 1, 'default.jpg', 'default.jpg', 'default.jpg', 'default.jpg', 10, 1, '2a8f00d1018ca4ca176658def9db15fa.jpg'),
(75, '2017-11-26 22:47:12', NULL, 'Dune - The Battle for Arrakis', '', 'Original', 'USA', 20.00, 0.00, 'Mega Drive/Genesis', 'Jogo Físico', '', 'RTS', '', '', 0, 5, '', '', '', 1, 0, 0, 0, 0, 0, 0, 0, 0, 0, 0, 0, 2, 'P', 30, 'Comprado', 1, 'default.jpg', 'default.jpg', 'default.jpg', 'default.jpg', 0, 0, '6b8857189160c8e7f037f2ffa4379de7.jpg'),
(76, '2017-08-13 18:27:13', NULL, 'Sonic the Hedgehog 2', '', 'Original', 'USA', 20.00, 0.00, 'Mega Drive/Genesis', 'Jogo Físico', '', 'Aventura', '', '', 0, 5, '', '', '', 1, 0, 0, 0, 0, 0, 0, 0, 0, 0, 0, 0, 2, 'C', 100, 'Comprado', 1, 'default.jpg', 'default.jpg', 'default.jpg', 'default.jpg', 10, 1, '2a4becd4692aa334f1b9a63250878f56.jpg'),
(77, '2017-08-24 14:31:20', NULL, 'X-MEN 2', '', 'Pirata', 'USA', 20.00, 0.00, 'Mega Drive/Genesis', 'Jogo Físico', '', 'Aventura', '', '', 0, 5, '', '', '', 1, 0, 0, 0, 0, 0, 0, 0, 0, 0, 0, 0, 2, 'C', 100, 'Comprado', 1, 'default.jpg', 'default.jpg', 'default.jpg', 'default.jpg', 10, 1, '95f9aa6b3e3db4ee84e96c655c1002e2.jpg'),
(78, '2017-09-21 18:38:51', NULL, 'Sonic Chaos', '', 'Original', 'BRA', 10.00, 0.00, 'Master System', 'Jogo Físico', '', 'Aventura', '', '', 0, 5, '', '', '', 1, 0, 0, 0, 0, 0, 0, 0, 0, 0, 0, 0, 2, 'C', 100, 'Comprado', 1, 'default.jpg', 'default.jpg', 'default.jpg', 'default.jpg', 10, 1, '605ca91edc965e49f491b36553abb4d2.jpg'),
(79, '2017-09-21 18:39:03', NULL, 'Lion King', '', 'Original', 'BRA', 10.00, 0.00, 'Master System', 'Jogo Físico', '', 'Aventura', '', '', 0, 5, '', '', '', 1, 0, 0, 0, 0, 0, 0, 0, 0, 0, 0, 0, 2, 'C', 100, 'Comprado', 1, 'default.jpg', 'default.jpg', 'default.jpg', 'default.jpg', 10, 1, '4cfd37c067fa41c93d23047f9e702f52.jpg'),
(80, '2017-11-26 22:46:22', NULL, 'Donald Duck - The Lucky Dime Caper ', '', 'Original', 'USA', 33.00, 0.00, 'Master System', 'Jogo Físico', '', 'Aventura', '', '', 0, 5, '', '', '', 1, 0, 0, 0, 0, 0, 0, 0, 0, 0, 0, 0, 2, 'P', 0, 'Comprado', 1, 'default.jpg', 'default.jpg', 'default.jpg', 'default.jpg', 0, 0, 'ab6c8107535665ef6dfd5c960b227441.jpg'),
(81, '2017-09-21 18:40:22', NULL, 'Vigilante', '', 'Original', 'BRA', 0.00, 0.00, 'Master System', 'Jogo Físico', '', 'Beat em up', '', '', 0, 5, '', '', '', 1, 0, 0, 0, 0, 0, 0, 0, 0, 0, 0, 0, 2, 'C', 100, 'Comprado', 1, 'default.jpg', 'default.jpg', 'default.jpg', 'default.jpg', 10, 1, '90ee63dc710aff98d8baeb4368d2df93.jpg'),
(82, '2017-08-24 16:48:18', NULL, 'Mortal Kombat', '', 'Original', 'BRA', 30.00, 0.00, 'Master System', 'Jogo Físico', '', 'Luta', '', '', 0, 5, '', '', '', 1, 0, 0, 0, 0, 0, 0, 0, 0, 0, 0, 0, 2, 'C', 100, 'Comprado', 1, 'default.jpg', 'default.jpg', 'default.jpg', 'default.jpg', 10, 1, '96e1679e03fec3f687cabeb657f1d626.jpg'),
(83, '2017-09-21 20:19:46', NULL, 'Batman Returns', '', 'Original', 'BRA', 20.00, 0.00, 'Master System', 'Jogo Físico', '', 'Ação', '', '', 0, 5, '', '', '', 1, 0, 0, 0, 0, 0, 0, 0, 0, 0, 0, 0, 2, 'C', 100, 'Comprado', 1, 'default.jpg', 'default.jpg', 'default.jpg', 'default.jpg', 10, 1, 'd6e1bc79359aecc5fa6d53fa3aa7137b.jpg'),
(84, '2017-09-21 20:19:56', NULL, 'Aladdin', '', 'Original', 'BRA', 33.00, 0.00, 'Master System', 'Jogo Físico', '', 'Aventura', '', '', 0, 5, '', '', '', 1, 0, 0, 0, 0, 0, 0, 0, 0, 0, 0, 0, 2, 'C', 100, 'Comprado', 1, 'default.jpg', 'default.jpg', 'default.jpg', 'default.jpg', 10, 1, '1bc06d65adff88fde8d6220461360cc7.jpg'),
(85, '2017-09-21 20:20:12', NULL, 'Jogos de Verão', '', 'Original', 'BRA', 0.00, 0.00, 'Master System', 'Jogo Físico', '', 'Esporte', '', '', 0, 5, '', '', '', 1, 0, 0, 0, 0, 0, 0, 0, 0, 0, 0, 0, 2, 'C', 100, 'Comprado', 1, 'default.jpg', 'default.jpg', 'default.jpg', 'default.jpg', 10, 1, '75fded5756259a211afb0b6edfa161a7.jpg'),
(86, '2017-09-21 20:20:21', NULL, 'Asterix', '', 'Original', 'BRA', 20.00, 0.00, 'Master System', 'Jogo Físico', '', 'Aventura', '', '', 0, 5, '', '', '', 1, 0, 0, 0, 0, 0, 0, 0, 0, 0, 0, 0, 2, 'C', 100, 'Comprado', 1, 'default.jpg', 'default.jpg', 'default.jpg', 'default.jpg', 10, 1, 'f19431883a823d5bc8c7fca6442439a6.jpg'),
(87, '2017-09-21 20:20:34', NULL, 'Sonic the Hedgehog 2', '', 'Original', 'BRA', 20.00, 0.00, 'Master System', 'Jogo Físico', '', 'Aventura', '', '', 0, 5, '', '', '', 1, 0, 0, 0, 0, 0, 0, 0, 0, 0, 0, 0, 2, 'C', 100, 'Comprado', 1, 'default.jpg', 'default.jpg', 'default.jpg', 'default.jpg', 10, 1, 'dd55140a66b8fa5178b7c9026e3a45e1.jpg'),
(88, '2017-11-26 22:52:43', '2017-12-30 13:35:40', 'Phantasy Star', '', 'Original', 'BRA', 33.00, 0.00, 'Master System', 'Jogo Físico', '', 'RPG', 'Sega', 'Sega', 0, 45, '', '', '', 1, 0, 0, 0, 1, 0, 0, 0, 0, 0, 0, 0, 2, 'E', 20, 'Comprado', 1, 'default.jpg', 'default.jpg', 'default.jpg', 'default.jpg', 4, 1, 'f70c3317bec7c7976bd3bf0975807fd7.jpg'),
(89, '2017-09-21 20:21:06', NULL, 'Land of Illusion', '', 'Original', 'BRA', 25.00, 0.00, 'Master System', 'Jogo Físico', '', 'Aventura', '', '', 0, 5, '', '', '', 1, 0, 0, 0, 0, 0, 0, 0, 0, 0, 0, 0, 2, 'C', 100, 'Comprado', 1, 'default.jpg', 'default.jpg', 'default.jpg', 'default.jpg', 10, 1, 'ad4eef571811e9bb99080d6df0026eef.jpg'),
(90, '2017-09-21 20:21:14', NULL, 'Castle of Illusion', '', 'Original', 'BRA', 25.00, 0.00, 'Master System', 'Jogo Físico', '', 'Aventura', '', '', 0, 5, '', '', '', 1, 0, 0, 0, 0, 0, 0, 0, 0, 0, 0, 0, 2, 'C', 100, 'Comprado', 1, 'default.jpg', 'default.jpg', 'default.jpg', 'default.jpg', 10, 1, 'd278980e81da9938e6e2159a73e8c57d.jpg'),
(91, '2017-09-22 17:03:51', NULL, 'Banjo - Tooie', '', 'Original', 'USA', 40.00, 0.00, 'Nintendo 64', 'Jogo Físico', '', 'Aventura', '', '', 0, 5, '', '', '', 1, 0, 0, 0, 0, 0, 0, 0, 0, 0, 0, 0, 2, 'C', 100, 'Comprado', 1, 'default.jpg', 'default.jpg', 'default.jpg', 'default.jpg', 10, 1, 'fc6f601236a87118e5fa6d2139f5a824.png'),
(92, '2017-09-22 17:04:11', NULL, 'Banjo - Kazooie', '', 'Original', 'USA', 30.00, 0.00, 'Nintendo 64', 'Jogo Físico', '', 'Aventura', '', '', 0, 5, '', '', '', 1, 0, 0, 0, 0, 0, 0, 0, 0, 0, 0, 0, 2, 'C', 100, 'Comprado', 1, 'default.jpg', 'default.jpg', 'default.jpg', 'default.jpg', 10, 1, 'cb955b9a056c097a1d07fb9ad0ac1ead.jpg'),
(93, '2017-09-22 17:04:19', NULL, 'Super Mario 64', '', 'Original', 'USA', 40.00, 0.00, 'Nintendo 64', 'Jogo Físico', '', 'Aventura', '', '', 0, 5, '', '', '', 1, 0, 0, 0, 0, 0, 0, 0, 0, 0, 0, 0, 2, 'C', 100, 'Comprado', 1, 'default.jpg', 'default.jpg', 'default.jpg', 'default.jpg', 10, 1, '241e7015f380bc2b77b0784138a87709.jpg'),
(94, '2017-09-22 17:04:31', NULL, 'Castlevania 64', '', 'Original', 'USA', 40.00, 0.00, 'Nintendo 64', 'Jogo Físico', '', 'Ação', '', '', 0, 5, '', '', '', 1, 0, 0, 0, 0, 0, 0, 0, 0, 0, 0, 0, 2, 'C', 100, 'Comprado', 1, 'default.jpg', 'default.jpg', 'default.jpg', 'default.jpg', 10, 1, '65e8a8b1e9150aa3376e3bbd1be097ae.jpg'),
(95, '2017-09-22 17:04:36', NULL, '007 Golden Eye', '', 'Original', 'USA', 30.00, 0.00, 'Nintendo 64', 'Jogo Físico', '', 'FPS', '', '', 0, 5, '', '', '', 1, 0, 0, 0, 0, 0, 0, 0, 0, 0, 0, 0, 2, 'C', 100, 'Comprado', 1, 'default.jpg', 'default.jpg', 'default.jpg', 'default.jpg', 10, 1, 'c0554d5ac008ec4e0c34821e878eecc2.jpg'),
(96, '2017-09-22 17:04:58', '2017-12-30 13:37:51', 'Star Fox 64', '', 'Original', 'USA', 30.00, 0.00, 'Nintendo 64', 'Jogo Físico', '', 'Nave', '', '', 0, 5, '', '', '', 1, 0, 0, 0, 0, 0, 0, 0, 0, 0, 0, 0, 2, 'C', 100, 'Comprado', 1, 'default.jpg', 'default.jpg', 'default.jpg', 'default.jpg', 10, 1, '3bf22b94dbc6f74e2274f101f2f714e2.jpg'),
(97, '2017-09-22 17:04:57', NULL, 'Star Wars Pod Racer - Episode I', '', 'Original', 'USA', 20.00, 0.00, 'Nintendo 64', 'Jogo Físico', '', 'Corrida', '', '', 0, 5, '', '', '', 1, 0, 0, 0, 0, 0, 0, 0, 0, 0, 0, 0, 2, 'C', 100, 'Comprado', 1, 'default.jpg', 'default.jpg', 'default.jpg', 'default.jpg', 10, 1, '7bc358e558af3cf9aa50aa3fc5bf7484.jpg'),
(98, '2017-09-22 17:05:10', NULL, 'Donkey Kong 64', '', 'Original', 'USA', 30.00, 0.00, 'Nintendo 64', 'Jogo Físico', '', 'Aventura', '', '', 0, 5, '', '', '', 1, 0, 0, 0, 0, 0, 0, 0, 0, 0, 0, 0, 2, 'C', 100, 'Comprado', 1, 'default.jpg', 'default.jpg', 'default.jpg', 'default.jpg', 10, 1, 'a1cf00884d06e6666e4f6e8e4a929e55.jpg'),
(99, '2017-11-26 22:52:21', NULL, 'Perfect Dark ', '', 'Original', 'USA', 30.00, 0.00, 'Nintendo 64', 'Jogo Físico', '', 'FPS', '', '', 0, 5, '', '', '', 1, 0, 0, 0, 0, 0, 0, 0, 0, 0, 0, 0, 2, 'P', 0, 'Comprado', 1, 'default.jpg', 'default.jpg', 'default.jpg', 'default.jpg', 0, 0, 'bdb6cf96f02ae220f0d803dfa19ee5ff.png'),
(100, '2017-11-28 23:12:49', NULL, 'Yoshis Story', '', 'Original', 'USA', 25.00, 0.00, 'Nintendo 64', 'Jogo Físico', '', 'Aventura', '', '', 0, 15, '', '', '', 1, 0, 0, 0, 0, 0, 0, 0, 0, 0, 0, 0, 2, 'P', 10, 'Comprado', 1, 'default.jpg', 'default.jpg', 'default.jpg', 'default.jpg', 2, 1, 'af4b0d2b3615ef20d1ece2e8f2c95722.jpg'),
(101, '2017-11-26 22:48:54', NULL, 'Hexen', '', 'Original', 'USA', 20.00, 0.00, 'Nintendo 64', 'Jogo Físico', '', 'FPS', '', '', 0, 5, '', '', '', 1, 0, 0, 0, 0, 0, 0, 0, 0, 0, 0, 0, 2, 'P', 0, 'Comprado', 1, 'default.jpg', 'default.jpg', 'default.jpg', 'default.jpg', 0, 0, '160add40a2dc3dd839a38c8a0004f47c.png'),
(102, '2017-09-22 17:06:20', NULL, 'The Legend of Zelda - Ocarina of Time', '', 'Original', 'USA', 75.00, 0.00, 'Nintendo 64', 'Jogo Físico', '', 'RPG', '', '', 0, 5, '', '', '', 1, 0, 0, 0, 0, 0, 0, 0, 0, 0, 0, 0, 2, 'C', 100, 'Comprado', 1, 'default.jpg', 'default.jpg', 'default.jpg', 'default.jpg', 10, 1, 'e767bf2f767a16c34384e4ce088945a6.png'),
(103, '2017-11-28 23:11:54', NULL, 'The Legend of Zelda - Majoras Mask', '', 'Original', 'USA', 75.00, 0.00, 'Nintendo 64', 'Jogo Físico', '', 'RPG', '', '', 0, 5, '', '', '', 1, 0, 0, 0, 0, 0, 0, 0, 0, 0, 0, 0, 2, 'P', 0, 'Comprado', 1, 'default.jpg', 'default.jpg', 'default.jpg', 'default.jpg', 0, 0, 'ebe49075e0eaf6500d489e9589d4f66d.jpg'),
(104, '2017-11-28 23:11:29', NULL, 'Star Wars Rogue Squadron', '', 'Original', 'USA', 25.00, 0.00, 'Nintendo 64', 'Jogo Físico', '', 'Nave', '', '', 0, 5, '', '', '', 1, 0, 0, 0, 0, 0, 0, 0, 0, 0, 0, 0, 2, 'P', 0, 'Comprado', 1, 'default.jpg', 'default.jpg', 'default.jpg', 'default.jpg', 0, 0, '6dc79ae3cb9243f3e9ce84e15bc16ac2.jpg'),
(105, '2017-11-26 22:49:34', NULL, 'Jet Force Gemini', '', 'Original', 'USA', 20.00, 0.00, 'Nintendo 64', 'Jogo Físico', '', 'Ação', '', '', 0, 5, '', '', '', 1, 0, 0, 0, 0, 0, 0, 0, 0, 0, 0, 0, 2, 'P', 0, 'Comprado', 1, 'default.jpg', 'default.jpg', 'default.jpg', 'default.jpg', 0, 0, 'a6ee5a2931d7d49808f8afef23ac8cc7.jpg'),
(106, '2017-11-28 23:09:28', NULL, 'Pokemon Stadium', '', 'Original', 'USA', 25.00, 0.00, 'Nintendo 64', 'Jogo Físico', '', 'Estrat', '', '', 0, 5, '', '', '', 1, 0, 0, 0, 0, 0, 0, 0, 0, 0, 0, 0, 2, 'P', 0, 'Comprado', 1, 'default.jpg', 'default.jpg', 'default.jpg', 'default.jpg', 0, 0, '91e6a2d39777842f571b15bf7f55403d.jpg'),
(107, '2017-11-26 22:45:12', '2018-10-22 23:53:07', 'Command & Conquer 64', '', 'Original', 'USA', 63.00, 0.00, 'Nintendo 64', 'Jogo Físico', '', 'Estrat', '', '', 0, 5, '', '', '', 1, 0, 0, 0, 0, 0, 0, 0, 0, 0, 0, 0, 2, 'P', 0, 'Comprado', 1, 'default.jpg', 'default.jpg', 'default.jpg', 'default.jpg', 0, 0, '4355b61ce97bf2c0a95e237dcaa2a5f6.jpg'),
(108, '2017-09-22 17:07:10', NULL, 'Mario Kart 64', '', 'Original', 'USA', 20.00, 0.00, 'Nintendo 64', 'Jogo Físico', '', 'Corrida', '', '', 0, 5, '', '', '', 1, 0, 0, 0, 0, 0, 0, 0, 0, 0, 0, 0, 2, 'C', 100, 'Comprado', 1, 'default.jpg', 'default.jpg', 'default.jpg', 'default.jpg', 10, 1, '07aeb648ca1342796366448e132dfe4f.jpg'),
(109, '2017-11-28 23:12:57', NULL, 'Turok 2 - Seeds of Evil', '', 'Original', 'USA', 25.00, 0.00, 'Nintendo 64', 'Jogo Físico', '', 'FPS', '', '', 0, 5, '', '', '', 1, 0, 0, 0, 0, 0, 0, 0, 0, 0, 0, 0, 2, 'P', 0, 'Comprado', 1, 'default.jpg', 'default.jpg', 'default.jpg', 'default.jpg', 0, 0, '11f0dca54c27330fc8e3c68f444fd9b6.jpg'),
(110, '2017-09-22 17:07:25', '2017-12-30 13:43:47', 'Killer Instinct - Gold', '', 'Original', 'USA', 20.00, 0.00, 'Nintendo 64', 'Jogo Físico', '', 'Luta', '', '', 0, 5, '', '', '', 1, 0, 0, 0, 0, 0, 0, 0, 0, 0, 0, 0, 2, 'C', 100, 'Comprado', 1, 'default.jpg', 'default.jpg', 'default.jpg', 'default.jpg', 10, 1, 'cdc23456d2f28088990e2e5e6b8bee7e.jpg'),
(111, '2017-08-24 16:50:34', NULL, 'Mortal Kombat 4', '', 'Original', 'USA', 40.00, 0.00, 'Nintendo 64', 'Jogo Físico', '', 'Luta', '', '', 0, 5, '', '', '', 1, 0, 0, 0, 0, 0, 0, 0, 0, 0, 0, 0, 2, 'C', 100, 'Comprado', 1, 'default.jpg', 'default.jpg', 'default.jpg', 'default.jpg', 10, 1, '40b2b305d5d9db4b4f35cb05e1fc2147.jpg'),
(112, '2017-09-22 17:07:26', NULL, 'Super Smash Bros', '', 'Original', 'USA', 20.00, 0.00, 'Nintendo 64', 'Jogo Físico', '', 'Luta', '', '', 0, 5, '', '', '', 1, 0, 0, 0, 0, 0, 0, 0, 0, 0, 0, 0, 2, 'C', 100, 'Comprado', 1, 'default.jpg', 'default.jpg', 'default.jpg', 'default.jpg', 10, 1, '39d4928a39efba0fb94e9026b6249119.jpg'),
(113, '2017-11-28 23:13:09', NULL, 'Wave Race 64 - Kawasaki JetSki', '', 'Original', 'USA', 20.00, 0.00, 'Nintendo 64', 'Jogo Físico', '', 'Esporte', '', '', 0, 5, '', '', '', 1, 0, 0, 0, 0, 0, 0, 0, 0, 0, 0, 0, 2, 'P', 0, 'Comprado', 1, 'default.jpg', 'default.jpg', 'default.jpg', 'default.jpg', 0, 0, 'ad79f4516b818a42d2ec37a3037cc13e.png'),
(114, '2017-09-21 13:38:39', NULL, 'Super Mario Bros 3', '', 'Original', 'USA', 30.00, 0.00, 'NES/Famicom', 'Jogo Físico', '', 'Aventura', '', '', 0, 5, '', '', '', 1, 0, 0, 0, 0, 0, 0, 0, 0, 0, 0, 0, 2, 'C', 100, 'Comprado', 1, 'default.jpg', 'default.jpg', 'default.jpg', 'default.jpg', 10, 1, 'd074da35ae17ab1c616964bd0c3937b3.jpg'),
(115, '2017-09-21 13:38:56', NULL, 'Commando', '', 'Original', 'USA', 30.00, 0.00, 'NES/Famicom', 'Jogo Físico', '', 'Ação', '', '', 0, 5, '', '', '', 1, 0, 0, 0, 0, 0, 0, 0, 0, 0, 0, 0, 2, 'C', 100, 'Comprado', 1, 'default.jpg', 'default.jpg', 'default.jpg', 'default.jpg', 10, 1, '12ca52e273f446382af80ff0eb2a7a4d.png'),
(116, '2017-09-21 13:39:11', NULL, 'Street Fighter 2010 - The Final Fighter', '', 'Original', 'USA', 50.00, 0.00, 'NES/Famicom', 'Jogo Físico', '', 'Aventura', '', '', 0, 5, '', '', '', 1, 0, 0, 0, 0, 0, 0, 0, 0, 0, 0, 0, 2, 'C', 100, 'Comprado', 1, 'default.jpg', 'default.jpg', 'default.jpg', 'default.jpg', 10, 1, '1b1a73261865c7ef52c18901836a227e.jpg'),
(117, '2017-09-21 13:39:29', NULL, 'Tiger Heli', '', 'Pirata', 'USA', 0.00, 0.00, 'NES/Famicom', 'Jogo Físico', '', 'Nave', '', '', 0, 5, '', '', '', 1, 0, 0, 0, 0, 0, 0, 0, 0, 0, 0, 0, 2, 'C', 100, 'Comprado', 1, 'default.jpg', 'default.jpg', 'default.jpg', 'default.jpg', 10, 1, '7797a58a0f176bb0cb94be66703b3d9d.jpg'),
(118, '2017-09-21 13:39:45', NULL, 'Mega Man 6', '', 'Original', 'USA', 60.00, 0.00, 'NES/Famicom', 'Jogo Físico', '', 'Aventura', '', '', 0, 5, '', '', '', 1, 0, 0, 0, 0, 0, 0, 0, 0, 0, 0, 0, 2, 'C', 100, 'Comprado', 1, 'default.jpg', 'default.jpg', 'default.jpg', 'default.jpg', 10, 1, '892829038e8428e9cae08c4d95a5c8b6.jpg'),
(119, '2017-09-21 13:40:06', '2017-12-30 13:49:51', 'Super Games 150 in 1 NES Cartridge', '', 'Pirata', 'USA', 20.00, 0.00, 'NES/Famicom', 'Jogo Físico', '', 'Aventura', '', '', 0, 5, '', '', '', 1, 0, 0, 0, 0, 0, 0, 0, 0, 0, 0, 0, 2, 'C', 100, 'Comprado', 1, 'default.jpg', 'default.jpg', 'default.jpg', 'default.jpg', 10, 1, '6e83e00433378b59892d292084433122.png'),
(120, '2017-11-26 22:50:32', NULL, 'Little Nemo - The Dream Master', '', 'Original', 'USA', 0.00, 0.00, 'NES/Famicom', 'Jogo Físico', '', 'Aventura', '', '', 0, 5, '', '', '', 1, 0, 0, 0, 0, 0, 0, 0, 0, 0, 0, 0, 2, 'P', 0, 'Comprado', 1, 'default.jpg', 'default.jpg', 'default.jpg', 'default.jpg', 0, 0, '6e3c3b674aecb76be99c7bff14e77c7e.jpg'),
(121, '2017-09-22 17:15:31', NULL, 'Mega Man X', '', 'Original', 'USA', 25.00, 0.00, 'Super Nintendo/Super Famicom', 'Jogo Físico', '', 'Aventura', '', '', 0, 5, '', '', '', 1, 0, 0, 0, 0, 0, 0, 0, 0, 0, 0, 0, 2, 'C', 100, 'Comprado', 1, 'default.jpg', 'default.jpg', 'default.jpg', 'default.jpg', 10, 1, '4ab114f1b37021fd401c028bc24293f0.jpg'),
(122, '2017-08-24 14:48:42', NULL, 'Mega Man X2', '', 'Original', 'USA', 25.00, 0.00, 'Super Nintendo/Super Famicom', 'Jogo Físico', '', 'Aventura', '', '', 0, 5, '', '', '', 1, 0, 0, 0, 0, 0, 0, 0, 0, 0, 0, 0, 2, 'C', 100, 'Comprado', 1, 'default.jpg', 'default.jpg', 'default.jpg', 'default.jpg', 10, 1, 'ed6a5cbce917342317064fc1ce5ab6a4.jpg'),
(123, '2017-08-24 14:48:59', NULL, 'Mega Man X3', '', 'Original', 'USA', 25.00, 0.00, 'Super Nintendo/Super Famicom', 'Jogo Físico', '', 'Aventura', '', '', 0, 5, '', '', '', 1, 0, 0, 0, 0, 0, 0, 0, 0, 0, 0, 0, 2, 'C', 100, 'Comprado', 1, 'default.jpg', 'default.jpg', 'default.jpg', 'default.jpg', 10, 1, 'acf5ab43a1b081db60f045bace7bf744.jpg'),
(124, '2017-08-24 14:53:53', NULL, 'Super Mario World', '', 'Original', 'USA', 25.00, 0.00, 'Super Nintendo/Super Famicom', 'Jogo Físico', '', 'Aventura', '', '', 0, 5, '', '', '', 1, 0, 0, 0, 0, 0, 0, 0, 0, 0, 0, 0, 2, 'C', 100, 'Comprado', 1, 'default.jpg', 'default.jpg', 'default.jpg', 'default.jpg', 10, 1, '427f155c9ab39c2c31af12dd3d4aa53e.jpg'),
(125, '2017-08-24 15:11:11', NULL, 'Donkey Kong Country', '', 'Original', 'USA', 25.00, 0.00, 'Super Nintendo/Super Famicom', 'Jogo Físico', '', 'Aventura', '', '', 0, 5, '', '', '', 1, 0, 0, 0, 0, 0, 0, 0, 0, 0, 0, 0, 2, 'C', 100, 'Comprado', 1, 'default.jpg', 'default.jpg', 'default.jpg', 'default.jpg', 10, 1, '35f15dbdd4e2b9ff1f39b2df49d8df30.jpg'),
(126, '2017-08-24 15:11:39', NULL, 'Donkey Kong Country 2 - Diddy s Kong Quest', '', 'Pirata', 'USA', 25.00, 0.00, 'Super Nintendo/Super Famicom', 'Jogo Físico', '', 'Aventura', '', '', 0, 5, '', '', '', 1, 0, 0, 0, 0, 0, 0, 0, 0, 0, 0, 0, 2, 'C', 100, 'Comprado', 1, 'default.jpg', 'default.jpg', 'default.jpg', 'default.jpg', 10, 1, '69bc392567dd22c2e94ac310b6871d2d.jpg'),
(127, '2017-08-24 15:12:10', NULL, 'Donkey Kong Country 3 - Dixie Kong s Double Trouble!', '', 'Original', 'USA', 25.00, 0.00, 'Super Nintendo/Super Famicom', 'Jogo Físico', '', 'Aventura', '', '', 0, 5, '', '', '', 1, 0, 0, 0, 0, 0, 0, 0, 0, 0, 0, 0, 2, 'C', 100, 'Comprado', 1, 'default.jpg', 'default.jpg', 'default.jpg', 'default.jpg', 10, 1, '8ead1ce2622396538bc7c6e4af540db7.jpg'),
(128, '2017-08-24 15:14:57', NULL, 'Super Mario Kart', '', 'Original', 'USA', 0.00, 0.00, 'Super Nintendo/Super Famicom', 'Jogo Físico', '', 'Corrida', '', '', 0, 5, '', '', '', 1, 0, 0, 0, 0, 0, 0, 0, 0, 0, 0, 0, 2, 'C', 100, 'Comprado', 1, 'default.jpg', 'default.jpg', 'default.jpg', 'default.jpg', 10, 1, '365cbcd7cafc484dae958cad10248c31.jpg'),
(129, '2017-08-24 16:28:19', NULL, 'The Legend of Zelda - A Link to the Past', '', 'Original', 'USA', 25.00, 0.00, 'Super Nintendo/Super Famicom', 'Jogo Físico', '', 'RPG', '', '', 0, 5, '', '', '', 1, 0, 0, 0, 0, 0, 0, 0, 0, 0, 0, 0, 2, 'C', 100, 'Comprado', 1, 'default.jpg', 'default.jpg', 'default.jpg', 'default.jpg', 10, 1, 'b7d8e5fdfa930a0a054eb35dea5cd861.jpg'),
(130, '2017-08-24 16:31:50', NULL, 'Super Mario All-Star + Super Mario World', '', 'Pirata', 'USA', 25.00, 0.00, 'Super Nintendo/Super Famicom', 'Jogo Físico', '', 'Aventura', '', '', 0, 5, '', '', '', 1, 0, 0, 0, 0, 0, 0, 0, 0, 0, 0, 0, 2, 'C', 100, 'Comprado', 1, 'default.jpg', 'default.jpg', 'default.jpg', 'default.jpg', 10, 1, '7a57fe9643b3f9036214a11c12326bb4.jpg'),
(131, '2017-08-24 15:16:10', '2018-02-01 08:58:00', 'Top Gear 3000', '', 'Pirata', 'USA', 40.00, 0.00, 'Super Nintendo/Super Famicom', 'Jogo Físico', '', 'Corrida', '', '', 0, 64, 'Sala', 'Armário', 'Gaveta', 1, 0, 0, 0, 0, 0, 0, 0, 0, 0, 0, 0, 2, 'C', 100, 'Comprado', 1, 'default.jpg', 'default.jpg', 'default.jpg', 'default.jpg', 10, 1, 'cb996ac87031779ab60748e4d142ff33.jpg'),
(132, '2017-08-24 16:34:46', NULL, 'Super Ufo Pro', '', 'Pirata', 'USA', 200.00, 0.00, 'Super Nintendo/Super Famicom', 'Adaptador', '', 'Adaptador', '', '', 0, 5, '', '', '', 1, 0, 0, 0, 0, 0, 0, 0, 0, 0, 0, 0, 2, 'C', 100, 'Comprado', 1, 'default.jpg', 'default.jpg', 'default.jpg', 'default.jpg', 10, 1, 'e475050e7ae4c26acc677139fce4b20a.jpg'),
(133, '2017-08-24 16:38:31', NULL, 'Star Fox', '', 'Original', 'USA', 25.00, 0.00, 'Super Nintendo/Super Famicom', 'Jogo Físico', '', 'Nave', '', '', 0, 5, '', '', '', 1, 0, 0, 0, 0, 0, 0, 0, 0, 0, 0, 0, 2, 'C', 100, 'Comprado', 1, 'default.jpg', 'default.jpg', 'default.jpg', 'default.jpg', 10, 1, '39798bf5e6f8d006603d10a3bbd469eb.jpg'),
(134, '2017-08-25 11:05:00', NULL, 'Super Metroid', '', 'Original', 'USA', 25.00, 0.00, 'Super Nintendo/Super Famicom', 'Jogo Físico', '', 'Ação', '', '', 0, 5, '', '', '', 1, 0, 0, 0, 0, 0, 0, 0, 0, 0, 0, 0, 2, 'C', 100, 'Comprado', 1, 'default.jpg', 'default.jpg', 'default.jpg', 'default.jpg', 10, 1, 'd6749be8bb26f6496efbb953526e4f7b.jpg'),
(135, '2017-08-24 16:46:50', NULL, 'Mortal Kombat II', '', 'Original', 'USA', 25.00, 0.00, 'Super Nintendo/Super Famicom', 'Jogo Físico', '', 'Luta', '', '', 0, 5, '', '', '', 1, 0, 0, 0, 0, 0, 0, 0, 0, 0, 0, 0, 2, 'C', 100, 'Comprado', 1, 'default.jpg', 'default.jpg', 'default.jpg', 'default.jpg', 10, 1, 'b007403897208378765514d305f67d70.jpg'),
(136, '2017-08-24 16:47:10', NULL, 'Mortal Kombat 3', '', 'Original', 'USA', 25.00, 0.00, 'Super Nintendo/Super Famicom', 'Jogo Físico', '', 'Luta', '', '', 0, 5, '', '', '', 1, 0, 0, 0, 0, 0, 0, 0, 0, 0, 0, 0, 2, 'C', 100, 'Comprado', 1, 'default.jpg', 'default.jpg', 'default.jpg', 'default.jpg', 10, 1, '236384975948f46a93a4ba2d32a1c405.jpg'),
(137, '2017-08-24 16:47:33', NULL, 'Utimate Mortal Kombat 3', '', 'Original', 'USA', 25.00, 0.00, 'Super Nintendo/Super Famicom', 'Jogo Físico', '', 'Luta', '', '', 0, 5, '', '', '', 1, 0, 0, 0, 0, 0, 0, 0, 0, 0, 0, 0, 2, 'C', 100, 'Comprado', 1, 'default.jpg', 'default.jpg', 'default.jpg', 'default.jpg', 10, 1, '8a9afd3d9a6f0279ae5e7f9416d59974.jpg'),
(138, '2017-08-24 14:56:34', NULL, 'Super Mario World Yoshi s Island', '', 'Original', 'USA', 25.00, 0.00, 'Super Nintendo/Super Famicom', 'Jogo Físico', '', 'Aventura', '', '', 0, 5, '', '', '', 1, 0, 0, 0, 0, 0, 0, 0, 0, 0, 0, 0, 2, 'C', 100, 'Comprado', 1, 'default.jpg', 'default.jpg', 'default.jpg', 'default.jpg', 10, 1, '7515dbfcde0636f0238a494650a0117c.jpg'),
(139, '2017-08-25 11:04:42', NULL, 'F-Zero', '', 'Pirata', 'USA', 0.00, 0.00, 'Super Nintendo/Super Famicom', 'Jogo Físico', '', 'Corrida', '', '', 0, 5, '', '', '', 1, 0, 0, 0, 0, 0, 0, 0, 0, 0, 0, 0, 2, 'C', 100, 'Comprado', 1, 'default.jpg', 'default.jpg', 'default.jpg', 'default.jpg', 10, 1, 'c2233f21d0bdbde512242f3596339eb9.jpg'),
(140, '2017-08-24 15:15:24', NULL, 'Killer Instinct', '', 'Original', 'USA', 25.00, 0.00, 'Super Nintendo/Super Famicom', 'Jogo Físico', '', 'Luta', '', '', 0, 5, '', '', '', 1, 0, 0, 0, 0, 0, 0, 0, 0, 0, 0, 0, 2, 'C', 100, 'Comprado', 1, 'default.jpg', 'default.jpg', 'default.jpg', 'default.jpg', 10, 1, '229b2379b3e8e5e582497aa072fadb61.jpg'),
(141, '2017-08-22 09:07:20', '2018-01-26 22:54:56', 'Super Mario RPG - Legend of the Seven Stars', '', 'Original', 'USA', 25.00, 250.00, 'Super Nintendo/Super Famicom', 'Jogo Físico', '', 'RPG', 'Square', 'Nintendo', 0, 5, '', '', '', 1, 0, 0, 0, 0, 0, 0, 0, 0, 0, 0, 0, 2, 'C', 100, 'Comprado', 1, '6facf5c8b735a142702b2860a95b35d3.jpg', 'e24391821e5d6074e8352bf5f7580551.jpg', 'b14fa0297be7a1ae44407e5643393637.jpg', '98d8185d243e49583f3983644b1d89e2.jpg', 36, 1, '2bdc7fb0aee2da181251a77a97511152.jpg'),
(142, '2017-08-22 10:01:46', NULL, 'Kirby Super Star', '', 'Original', 'USA', 80.00, 0.00, 'Super Nintendo/Super Famicom', 'Jogo Físico', '', 'Aventura', '', '', 0, 5, '', '', '', 1, 0, 0, 0, 0, 0, 0, 0, 0, 0, 0, 0, 2, 'C', 100, 'Comprado', 1, 'default.jpg', 'default.jpg', 'default.jpg', 'default.jpg', 10, 1, '951871004cb4e7a3224c56b547654316.jpg'),
(143, '2017-08-24 16:32:52', NULL, 'Doom', '', 'Original', 'USA', 70.00, 0.00, 'Super Nintendo/Super Famicom', 'Jogo Físico', '', 'FPS', '', '', 0, 5, '', '', '', 1, 0, 0, 0, 0, 0, 0, 0, 0, 0, 0, 0, 2, 'C', 100, 'Comprado', 1, 'default.jpg', 'default.jpg', 'default.jpg', 'default.jpg', 10, 1, '7b69480d55bd93c3047fb2c5e147b8cf.jpg'),
(144, '2017-08-24 15:15:50', NULL, 'Street Fighter Alpha 2', '', 'Original', 'USA', 25.00, 0.00, 'Super Nintendo/Super Famicom', 'Jogo Físico', '', 'Luta', '', '', 0, 5, '', '', '', 1, 0, 0, 0, 0, 0, 0, 0, 0, 0, 0, 0, 2, 'C', 100, 'Comprado', 1, 'default.jpg', 'default.jpg', 'default.jpg', 'default.jpg', 10, 1, '0e834fc2911a80a70c64259cc4417b67.jpg');
INSERT INTO `tb_game_item` (`id`, `data_cadastro`, `data_update`, `titulo`, `descricao`, `procedencia`, `regiao`, `valor_pago`, `valor_atual`, `plataforma`, `tipo`, `codigo`, `genero`, `produtora`, `publicadora`, `complemento`, `avaliacao`, `local_primeiro`, `local_segundo`, `local_terceiro`, `flag_cartucho_disco`, `flag_replica`, `flag_protetor`, `flag_cd_dvd`, `flag_caixa`, `flag_manual`, `flag_berco`, `flag_panfleto`, `flag_poster`, `flag_nota_fiscal`, `flag_lacrado`, `flag_luva`, `id_user`, `status`, `progressao`, `situacao`, `possui`, `screenshot1`, `screenshot2`, `screenshot3`, `screenshot4`, `tempo`, `num_jogadas`, `imagem`) VALUES
(145, '2017-08-22 10:00:08', NULL, 'Super Street Fighter II', '', 'Pirata', 'USA', 25.00, 0.00, 'Super Nintendo/Super Famicom', 'Jogo Físico', '', 'Luta', '', '', 0, 5, '', '', '', 1, 0, 0, 0, 0, 0, 0, 0, 0, 0, 0, 0, 2, 'C', 100, 'Comprado', 1, 'default.jpg', 'default.jpg', 'default.jpg', 'default.jpg', 10, 1, 'b8c94a2869ddf66f3ee34269a9e8dacf.jpg'),
(146, '2017-08-22 09:57:44', NULL, 'Super Game Boy', '', 'Original', 'USA', 50.00, 0.00, 'Super Nintendo/Super Famicom', 'Adaptador', '', 'Adaptador', '', '', 0, 5, '', '', '', 1, 0, 0, 0, 0, 0, 0, 0, 0, 0, 0, 0, 2, 'C', 100, 'Comprado', 1, 'default.jpg', 'default.jpg', 'default.jpg', 'default.jpg', 10, 1, 'cedbe740ceb36596340b2a5da04c9a5a.jpg'),
(147, '2017-08-22 09:56:54', NULL, 'Street Fighter II Turbo', '', 'Original', 'USA', 0.00, 0.00, 'Super Nintendo/Super Famicom', 'Jogo Físico', '', 'Luta', '', '', 0, 5, '', '', '', 1, 0, 0, 0, 0, 0, 0, 0, 0, 0, 0, 0, 2, 'C', 100, 'Comprado', 1, 'default.jpg', 'default.jpg', 'default.jpg', 'default.jpg', 10, 1, 'cc7f4240167f62c705269ca302ae0bd5.jpg'),
(148, '2017-08-13 13:15:33', NULL, 'The King of Fighters EX2 - Howling Blood', '', 'Pirata', 'USA', 11.40, 0.00, 'Game Boy Advance', 'Jogo Físico', '', 'Luta', '', '', 0, 5, '', '', '', 1, 0, 0, 0, 0, 0, 0, 0, 0, 0, 0, 0, 2, 'C', 100, 'Comprado', 1, 'default.jpg', 'default.jpg', 'default.jpg', 'default.jpg', 10, 1, 'e38e87aa2f0c868dc6957657e31c2821.jpg'),
(149, '2017-08-13 13:16:15', NULL, 'Guilty Gear X Advance Edition', '', 'Pirata', 'USA', 11.40, 0.00, 'Game Boy Advance', 'Jogo Físico', '', 'Luta', '', '', 0, 5, '', '', '', 1, 0, 0, 0, 0, 0, 0, 0, 0, 0, 0, 0, 2, 'C', 100, 'Comprado', 1, 'default.jpg', 'default.jpg', 'default.jpg', 'default.jpg', 10, 1, 'fca67c6059db0192dc34d5d0de08dafc.jpg'),
(150, '2017-07-26 12:00:50', '2018-01-12 19:50:10', 'Game Boy Camera', '', 'Original', 'USA', 0.00, 0.00, 'Game Boy', 'Adaptador', '', 'Adaptador', '', '', 0, 5, '', '', '', 1, 0, 0, 0, 0, 0, 0, 0, 0, 0, 0, 0, 2, 'C', 100, 'Doado', 1, 'default.jpg', 'default.jpg', 'default.jpg', 'default.jpg', 10, 1, 'f1e29abfe25bcc26366e3d02abaaf20c.jpg'),
(151, '2017-07-06 00:00:00', NULL, 'Mega Man X', 'Mega Man X, conhecido no Japão como Rockman X (ロックマンX, Rokkuman Ekkusu?), é um jogo de plataforma com elementos de ação lançado pela Capcom em 1993 para o Super Nintendo (SNES), é o primeiro jogo de Mega Man em um console de 16-bits.', 'Original', 'PAL', 25.00, 150.00, 'Super Nintendo/Super Famicom', 'Jogo Físico', '', 'Ação', 'Capcom', 'Nintendo', 0, 5, '', '', '', 1, 0, 0, 0, 0, 0, 0, 0, 0, 0, 0, 0, 2, 'C', 100, 'Comprado', 1, 'default.jpg', 'default.jpg', 'default.jpg', 'default.jpg', 10, 1, 'fc81368a39dac56f4ce573613f59d364.jpg'),
(152, '2017-07-06 00:00:00', '2018-04-26 09:15:27', 'Pokémon Yellow', 'Pokémon Yellow: Special Pikachu Edition (ポケットモンスターピカチュウ, Poketto Monsutā Pikachū?) é o quarto jogo da série multimilionária Pokémon lançado no Japão e o terceiro nos EUA e Europa. É compatível com Pokémon Red & Blue.', '', 'USA', 0.00, 100.00, 'Game Boy', 'Jogo Físico', '', 'RPG', 'Pokemon Company', 'Nintendo', 0, 5, '', '', '', 0, 0, 0, 0, 0, 0, 0, 0, 0, 0, 0, 0, 2, 'C', 100, '', 0, 'default.jpg', 'default.jpg', 'default.jpg', 'default.jpg', 10, 1, 'c06cf63322f3aea81e5ebf285592207e.png'),
(153, '2017-11-26 22:36:47', NULL, 'Horizon Chase', 'Horizon Chase é um jogo produzido pelo estúdio brasileiro Aquiris, que foi produzido e lançado para iPhone e Android. O jogo em si é um clone do saudoso Top Gear do super nintendo e com muitas características dos mesmos incluindo itens no caminho, upgrades, pistas ao redor do mundo, frases do piloto em balões e variações climáticas. A trilha sonora foi produzida pelo mesmo compositor, Barry Leitch', 'Original', 'BRA', 11.00, 11.00, 'Mobile Android', 'Jogo Digital', '', 'Corrida', 'Aquiris', 'Aquiris', 0, 5, '', '', '', 0, 0, 0, 0, 0, 0, 0, 0, 0, 1, 0, 0, 2, 'P', 0, 'Comprado', 1, 'default.jpg', 'default.jpg', 'default.jpg', 'default.jpg', 0, 0, '59f096cc250c7de553d6eff9bb268868.jpg'),
(154, '2017-11-28 23:05:58', NULL, 'Middle-earth: Shadow of Mordor', 'Middle-earth: Shadow of Mordor é um jogo de RPG de ação ambientado no universo da saga "O Senhor dos Anéis" do autor J. R. R. Tolkien, desenvolvido pela Monolith Productions e distribuído pela Warner Bros. Interactive Entertainment.', 'Original', 'BRA', 60.00, 60.00, 'Xbox One', 'Jogo Físico', '', 'Ação', 'Monolith', 'Warner Bros', 0, 47, '', '', '', 0, 0, 0, 1, 1, 0, 0, 0, 0, 0, 0, 0, 2, 'E', 20, 'Comprado', 1, 'default.jpg', 'default.jpg', 'default.jpg', 'default.jpg', 2, 1, 'f1b1e8bc483a3219bdd431fd8463d2a4.jpg'),
(157, '2017-07-26 11:48:16', NULL, 'Ultimate Marvel Vs. Capcom 3', 'Ultimate Marvel Vs. Capcom 3 é um jogo eletrônico crossover de luta desenvolvido pela Capcom. É uma versão atualizada de Marvel vs. Capcom 3: Fate of Two Worlds.', 'Original', 'USA', 53.00, 0.00, 'Xbox One', 'Jogo Digital', '', 'Luta', '', '', 0, 5, '', '', '', 0, 0, 0, 0, 0, 0, 0, 0, 0, 0, 0, 0, 2, 'C', 100, 'Comprado', 1, 'default.jpg', 'default.jpg', 'default.jpg', 'default.jpg', 10, 1, '787b0a6ea9757ee3636312b92c66736b.jpg'),
(158, '2017-08-28 09:55:56', '2018-10-23 00:01:52', 'Mortal Kombat - Deadly Alliance', '', 'Original', 'USA', 60.00, 0.00, 'PlayStation 2', 'Jogo Físico', '', 'Luta', '', '', 0, 3, '', '', '', 0, 0, 0, 0, 0, 0, 0, 0, 0, 0, 0, 0, 2, 'C', 100, 'Comprado', 1, 'default.jpg', 'default.jpg', 'default.jpg', 'default.jpg', 10, 1, 'bd159fd9aa9234c8da0d8ed8ca717ae3.jpg'),
(159, '2017-08-28 09:59:14', '2018-10-23 00:02:06', 'Mortal Kombat - Deception', '', 'Original', 'USA', 60.00, 80.00, 'PlayStation 2', 'Jogo Físico', '', 'Luta', 'Midway', '', 0, 3, '', '', '', 0, 0, 0, 0, 0, 0, 0, 0, 0, 0, 0, 0, 2, 'C', 100, 'Comprado', 1, 'default.jpg', 'default.jpg', 'default.jpg', 'default.jpg', 10, 1, '9e02b05eb50e08f212fe1b510237e8a8.jpg'),
(160, '2017-08-29 15:54:34', NULL, 'Batman - Arkham Knight', '', 'Original', 'BRA', 60.00, 80.00, 'Xbox One', 'Jogo Físico', '', 'Ação', 'Rockysteady', 'Warner Games', 0, 5, '', '', '', 1, 0, 0, 0, 1, 1, 0, 0, 0, 0, 0, 0, 2, 'C', 100, 'Comprado', 1, 'default.jpg', 'default.jpg', 'default.jpg', 'default.jpg', 10, 1, '241ca3eb6b823c41fa8a199391c02b4f.jpg'),
(161, '2017-11-26 22:47:33', NULL, 'Fire Emblem: Awakening', 'Fire Emblem Awakening é o décimo primeiro título da famosa série de SRPG desenvolvida pela Intelligent Systems e distribuída pela Nintendo. O título apresenta jogabilidade, gráficos e sons de alta qualidade, sendo obrigatório para os fãs de RPG e jogos de estratégia.', 'Original', 'USA', 100.00, 250.00, 'Nintendo 3DS', 'Jogo Físico', '', 'RPG', 'Intelligent Systems', 'Nintendo', 0, 4, 'Sala', 'Móvel Arcade', 'Prateleira', 1, 0, 0, 0, 0, 1, 0, 0, 0, 0, 0, 0, 2, 'P', 0, 'Comprado', 1, 'default.jpg', 'default.jpg', 'default.jpg', 'default.jpg', 0, 0, '30b6cf054da0d98d8c5b19f2ca3d4a9c.png'),
(162, '2017-09-26 16:36:07', NULL, 'Super Street Fighter IV 3D Edition', 'Super Street Fighter IV é um jogo eletrônico de luta lançado em 2010 pela Capcom. É uma versão atualizada de Street Fighter IV e descrita como o fim definitivo da quarta versão da série Street Fighter. Por ser grande demais para ser uma atualização disponível pela internet, o jogo foi transformado em título independente, com um preço mais baixo. Antes de anunciar a versão Ultra do 4º SF em 2013. O jogo foi lançado no Japão, Europa e Estados Unidos para PlayStation 3 e Xbox 360. Super Street Fighter IV é um dos primeiros jogos lançados para o Nintendo 3DS, com recursos 3D.', 'Original', 'USA', 20.00, 0.00, 'Nintendo 3DS', 'Jogo Digital', '', 'Luta', 'Capcom', 'Capcom', 0, 5, '', '', '', 0, 0, 0, 0, 0, 0, 0, 0, 0, 0, 0, 0, 2, 'C', 100, 'Comprado', 1, 'default.jpg', 'default.jpg', 'default.jpg', 'default.jpg', 10, 1, '6af8399fb7ef0f53ca90eb01ea9840bd.jpg'),
(163, '2017-09-26 16:39:17', NULL, 'Resident Evil Revelations', 'Resident Evil: Revelations, conhecido no Japão como Biohazard: Revelations, é um videojogo de sobrevivência ao horror para Nintendo 3DS, Playstation 3, Xbox 360, Wii U e PC. O jogo é uma spin-off canônica de Resident Evil e foi desenvolvido e publicado pela Capcom. Foi lançado a 26 de janeiro de 2012 no Japão, 27 janeiro de 2012 na Europa e 7 de fevereiro de 2012 na América do Norte. Será um dos muitos a suportar o periférico Circle Pad Expansion.', 'Original', 'USA', 20.00, 0.00, 'Nintendo 3DS', 'Jogo Digital', '', 'Ação', '', '', 0, 5, '', '', '', 0, 0, 0, 0, 0, 0, 0, 0, 0, 0, 0, 0, 2, 'C', 100, 'Comprado', 1, 'default.jpg', 'default.jpg', 'default.jpg', 'default.jpg', 10, 1, 'b5c44d2b252e53e7ffc867f72d2d9c05.jpg'),
(164, '2017-09-26 16:42:58', NULL, 'Shovel Knight', '', 'Original', 'USA', 25.00, 0.00, 'Nintendo 3DS', 'Jogo Digital', '', 'Aventura', '', '', 0, 5, '', '', '', 0, 0, 0, 0, 0, 0, 0, 0, 0, 0, 0, 0, 2, 'C', 100, 'Comprado', 1, 'default.jpg', 'default.jpg', 'default.jpg', 'default.jpg', 10, 1, '55aa78a8f3a466ed55c6c0181fb8f01f.jpg'),
(165, '2017-09-26 19:26:02', NULL, 'Mega Man IV', 'Mega Man IV para Virtual Console', 'Original', 'USA', 6.00, 0.00, 'Nintendo 3DS', 'Jogo Digital', '', 'Ação', '', '', 0, 4, '', '', '', 0, 0, 0, 0, 0, 0, 0, 0, 0, 0, 0, 0, 2, 'C', 100, 'Comprado', 1, 'default.jpg', 'default.jpg', 'default.jpg', 'default.jpg', 10, 1, '564b0edd73f64c68a9a9442e5d8dbe38.jpg'),
(166, '2017-09-27 16:47:35', NULL, 'Sega Vintage Collection: Streets of Rage', '', 'Original', 'USA', 7.25, 0.00, 'Xbox 360', 'Jogo Digital', '', 'Beat em up', '', '', 0, 5, '', '', '', 0, 0, 0, 0, 0, 0, 0, 0, 0, 0, 0, 0, 2, 'C', 100, 'Comprado', 1, 'default.jpg', 'default.jpg', 'default.jpg', 'default.jpg', 10, 1, '6870c9391dae393e75964624a6826935.png'),
(167, '2017-09-27 16:50:30', NULL, 'Virtua Fighter 5 Final Showdown', '', 'Original', 'USA', 6.66, 0.00, 'Xbox 360', 'Jogo Digital', '', 'Luta', '', '', 0, 3, '', '', '', 0, 0, 0, 0, 0, 0, 0, 0, 0, 0, 0, 0, 2, 'C', 100, 'Comprado', 1, 'default.jpg', 'default.jpg', 'default.jpg', 'default.jpg', 10, 1, 'a73b0455a70aacaf8a56e74720d728ee.jpg'),
(168, '2017-09-27 16:52:19', NULL, 'Crazy Taxi', '', 'Original', 'USA', 4.21, 0.00, 'Xbox 360', 'Jogo Digital', '', 'Corrida', '', '', 0, 4, '', '', '', 0, 0, 0, 0, 0, 0, 0, 0, 0, 0, 0, 0, 2, 'C', 100, 'Comprado', 1, 'default.jpg', 'default.jpg', 'default.jpg', 'default.jpg', 10, 1, '8bfd0683ce8cdcd107ee1678000458b2.jpg'),
(169, '2017-09-27 16:53:13', NULL, 'Gears of War: Judgment', '', 'Original', 'USA', 0.00, 0.00, 'Xbox 360', 'Jogo Digital', '', 'Ação', '', '', 0, 4, '', '', '', 0, 0, 0, 0, 0, 0, 0, 0, 0, 0, 0, 0, 2, 'C', 100, 'Comprado', 1, 'default.jpg', 'default.jpg', 'default.jpg', 'default.jpg', 10, 1, 'cc960c6ef81bae7c86bc8d208ed1d7c4.jpg'),
(170, '2017-09-27 16:54:16', NULL, 'Gears of War', '', 'Original', 'USA', 0.00, 0.00, 'Xbox 360', 'Jogo Digital', '', 'Ação', '', '', 0, 4, '', '', '', 0, 0, 0, 0, 0, 0, 0, 0, 0, 0, 0, 0, 2, 'C', 100, 'Comprado', 1, 'default.jpg', 'default.jpg', 'default.jpg', 'default.jpg', 10, 1, '033769acf5e64934ebc51b8af34fafdb.jpg'),
(171, '2017-09-28 11:58:05', NULL, 'Gears of War 2', '', 'Original', 'USA', 0.00, 0.00, 'Xbox 360', 'Jogo Digital', '', 'Ação', '', '', 0, 4, '', '', '', 0, 0, 0, 0, 0, 0, 0, 0, 0, 0, 0, 0, 2, 'C', 100, 'Comprado', 1, 'default.jpg', 'default.jpg', 'default.jpg', 'default.jpg', 10, 1, 'ed7d268ab4bc4be5c3ffd696ef25f7a6.jpg'),
(172, '2017-09-28 11:58:32', NULL, 'Gears of War 3', '', 'Original', 'BRA', 0.00, 0.00, 'Xbox 360', 'Jogo Digital', '', 'Ação', '', '', 0, 4, '', '', '', 0, 0, 0, 0, 0, 0, 0, 0, 0, 0, 0, 0, 2, 'C', 100, 'Comprado', 1, 'default.jpg', 'default.jpg', 'default.jpg', 'default.jpg', 10, 1, '40a7d619c39a5bf78062b9865521da97.jpg'),
(173, '2017-11-26 22:38:43', '2018-01-16 11:20:00', 'Sonic CD', '', 'Original', 'USA', 8.80, 0.00, 'Xbox 360', 'Jogo Digital', '', 'Aventura', 'Sega', 'Sega', 0, 42, '', '', '', 0, 0, 0, 0, 0, 0, 0, 0, 0, 0, 0, 0, 2, 'E', 30, 'Comprado', 1, 'default.jpg', 'default.jpg', 'default.jpg', 'default.jpg', 5, 1, 'fe8eec8fc8e0ca362e8d9188f61d7df8.png'),
(174, '2017-11-26 22:37:04', NULL, 'Lost Odyssey', '', 'Original', 'USA', 0.00, 0.00, 'Xbox 360', 'Jogo Digital', '', 'RPG', '', '', 0, 4, '', '', '', 0, 0, 0, 0, 0, 0, 0, 0, 0, 0, 0, 0, 2, 'P', 0, 'Comprado', 1, 'default.jpg', 'default.jpg', 'default.jpg', 'default.jpg', 0, 0, '8bd67b50816ad383bbca8a628f5caf13.jpg'),
(175, '2017-11-26 22:36:10', NULL, 'GUARDIAN HEROES', '', 'Original', 'USA', 8.88, 0.00, 'Xbox 360', 'Jogo Digital', '', 'Beat em up', '', '', 0, 3, '', '', '', 0, 0, 0, 0, 0, 0, 0, 0, 0, 0, 0, 0, 2, 'P', 0, 'Comprado', 1, 'default.jpg', 'default.jpg', 'default.jpg', 'default.jpg', 0, 0, '0952001560d5d6b4414281338dd28dba.png'),
(176, '2017-09-28 12:07:09', NULL, 'Halo: The Master Chief Collection Digital', '', 'Original', 'BRA', 0.00, 0.00, 'Xbox One', 'Jogo Digital', '', 'FPS', '', '', 0, 5, '', '', '', 0, 0, 0, 0, 0, 0, 0, 0, 0, 0, 0, 0, 2, 'C', 100, 'Comprado', 1, 'default.jpg', 'default.jpg', 'default.jpg', 'default.jpg', 10, 1, '34528ed3bcf91980c5ec72bed6f29fb1.jpg'),
(177, '2017-11-26 22:34:34', NULL, 'Assassins Creed Unity', '', 'Original', 'BRA', 1.00, 0.00, 'Xbox One', 'Jogo Digital', '', 'Ação', 'Ubisoft', 'Ubisoft', 0, 38, '', '', '', 0, 0, 0, 0, 0, 0, 0, 0, 0, 0, 0, 0, 2, 'E', 40, 'Comprado', 1, 'default.jpg', 'default.jpg', 'default.jpg', 'default.jpg', 12, 1, 'ef969b4592b4127d1758417501c91e6a.jpg'),
(179, '2017-09-28 12:05:01', NULL, 'Mega Man® Legacy Collection', '', 'Original', 'BRA', 10.30, 0.00, 'Xbox One', 'Jogo Digital', '', 'Aventura', '', '', 0, 5, '', '', '', 0, 0, 0, 0, 0, 0, 0, 0, 0, 0, 0, 0, 2, 'C', 100, 'Comprado', 1, 'default.jpg', 'default.jpg', 'default.jpg', 'default.jpg', 10, 1, '120f3c22d4020e7dff07071883c02dc0.png'),
(180, '2017-11-26 22:39:40', NULL, 'Strider', '', 'Original', 'USA', 6.44, 0.00, 'Xbox One', 'Jogo Digital', '', 'Aventura', '', '', 0, 3, '', '', '', 0, 0, 0, 0, 0, 0, 0, 0, 0, 0, 0, 0, 2, 'P', 0, 'Comprado', 1, 'default.jpg', 'default.jpg', 'default.jpg', 'default.jpg', 0, 0, '84e9fe20bb68c423d80273f6bcdd7193.jpg'),
(181, '2017-11-28 23:10:04', '2018-01-16 13:46:02', 'Sonic Mania', '', 'Original', 'USA', 34.62, 0.00, 'Xbox One', 'Jogo Digital', '', 'Aventura', '', '', 0, 72, '', '', '', 0, 0, 0, 0, 0, 0, 0, 0, 0, 0, 0, 0, 2, 'E', 30, 'Comprado', 1, 'default.jpg', 'default.jpg', 'default.jpg', 'default.jpg', 8, 1, '521cc0712ef458e4fc74eef32056f758.png'),
(182, '2017-11-26 22:32:38', NULL, 'Another World', 'Another World, mais conhecido no Brasil como Out of This World, é um jogo eletrônico de video-game, de 1991, desenvolvido pela Delphine Software e Interplay.', 'Original', 'USA', 16.00, 0.00, 'Nintendo 3DS', 'Jogo Digital', '', 'Aventura', '', '', 0, 43, '', '', '', 0, 0, 0, 0, 0, 0, 0, 0, 0, 0, 0, 0, 2, 'E', 70, 'Comprado', 1, 'default.jpg', 'default.jpg', 'default.jpg', 'default.jpg', 5, 1, 'c518909d0dc637890bf540c58e91c48c.jpg'),
(183, '2017-09-28 20:26:23', '2018-11-16 19:07:53', 'Master System 3 Compact', 'Lançado inicialmente no Japão em 1986, com o nome Sega Mark III, ele enfrentou grandes dificuldades devido à forte concorrência do NES da Nintendo.\n\nA Nintendo possuía contratos de exclusividade junto às produtoras de jogos. O contrato não permitia que elas produzissem jogos para nenhum outro aparelho, fazendo com que o Master System dependesse principalmente dos lançamentos desenvolvidos pela Sega.', 'Pirata', 'BRA', 40.00, 150.00, 'Master System', 'Console', '', '', '', '', 0, 4, '', '', '', 0, 0, 0, 0, 0, 0, 0, 0, 0, 0, 0, 0, 2, 'C', 100, 'Comprado', 1, 'default.jpg', 'default.jpg', 'default.jpg', 'default.jpg', 10, 1, '5765bdb13389e34c00452cfe4083944f.jpg'),
(184, '2017-09-28 20:30:30', '2018-11-16 19:11:30', 'Nintendo Entertainment System (NES)', 'Nintendo Entertainment System, Sistema de Entretenimento Nintendo ou simplesmente NES (no Brasil apelidado como Nintendinho), é um console lançado pela Nintendo na América do Norte, Europa, Ásia, Austrália e Brasil. Originalmente lançado no Japão em 1983 com o nome de Nintendo Family Computer, ou apenas Famicom, o sistema foi redesenhado e recebeu o novo nome para ser lançado no mercado americano em 1985. O NESFamicom foi o videogame de maior sucesso comercial na sua época, ajudou a indústria de videogames a se recuperar da crise de 1983 e estabeleceu novos padrões que seriam seguidos pela indústria. Também foi o primeiro console a ser produzido por terceiros, o que ajudou a divulgar o sistema em todo o mundo. O NES também foi um dos primeiros consoles a se apoiar em jogos feitos por terceiros (não só pela própria fabricante). Seu código de modelo é NES-001.', 'Original', 'USA', 350.00, 350.00, 'NES/Famicom', 'Console', '', '', '', '', 0, 5, '', '', '', 0, 0, 0, 0, 0, 0, 0, 0, 0, 0, 0, 0, 2, 'C', 100, 'Comprado', 1, 'default.jpg', 'default.jpg', 'default.jpg', 'default.jpg', 10, 1, 'edb9e0a7d697bfae6b211f86682d7474.jpg'),
(185, '2017-09-28 20:55:14', NULL, 'X-Guitar', 'Características\n. Controle em forma de guitarra com fio\n. 10 botões\n. Seu design moderno fonrece mais\nrealismo na hora do jogo\n. Botões mais sensíveis ao toque\nInformações técnicas\n. Conexão: USB\n. Compatível com Guitar Hero e Rock Band\n. Dimensões: 38 x 255 x 755 mm\n. Peso: 840 g\nConteúdo da embalagem\n. 1 guitarra com fio com conexão USB', 'Pirata', 'BRA', 200.00, 0.00, 'Xbox 360', 'Instrumento musical', '', '', '', 'Multilaser', 0, 4, '', '', '', 0, 0, 0, 0, 1, 0, 1, 0, 0, 0, 0, 0, 2, 'C', 100, 'Comprado', 1, 'default.jpg', 'default.jpg', 'default.jpg', 'default.jpg', 10, 1, '8c21f7c15f7ad7037da8cf0fccb206e5.jpg'),
(186, '2017-10-12 17:00:47', '2018-11-16 19:09:40', 'Mega Drive 3 - 47 Super Jogos', 'Lista dos 43 jogos disponíveis:\n- Art Alive!\n- Alex Kidd in the Enchanted Castle\n- Alien Storm\n- Altered Beast\n- Arrow Flash\n- Battle Golfer Yui\n- Columns\n- Columns III\n- Crystal s Pony Tales\n- Cyber Police ESWAT\n- Decap Attack\n- Fatal Labyrinth\n- Fica 1\n- Flick\n- Força Alienígena\n- Gain Ground\n- Golden Axe\n- Golden Axe III\n- Jewel Master\n- Junte 4\n- Kid Chameleon\n- Last Battle\n- Out Runners\n- Pense Pem (contém 10 jogos)\n- Shadow Dancer\n- Shinobi III\n- Sonic 3\n- Space Harrier 2\n- Super Hang On\n- Super Thunder Blade\n- Turbo OutRun\n- World Championship Soccer\n- Wrestle War', 'Original', 'BRA', 80.00, 150.00, 'Mega Drive/Genesis', 'Console', '', '', '', '', 0, 5, '', '', '', 0, 0, 0, 0, 0, 0, 0, 0, 0, 0, 0, 0, 2, 'C', 100, 'Comprado', 1, 'default.jpg', 'default.jpg', 'default.jpg', 'default.jpg', 10, 1, '4561485762f6087560d1a032227e01b1.jpg'),
(187, '2017-09-29 14:49:08', '2018-11-16 19:12:23', 'Super Nintendo Baby', '', 'Original', 'USA', 100.00, 200.00, 'Super Nintendo/Super Famicom', 'Console', '', '', 'Nintendo', 'Nintendo', 0, 5, '', '', '', 0, 0, 0, 0, 0, 0, 0, 0, 0, 0, 0, 0, 2, 'C', 100, 'Comprado', 1, 'default.jpg', 'default.jpg', 'default.jpg', 'default.jpg', 10, 1, '2b55f97381facffceecad5be2ad785fc.jpg'),
(188, '2017-09-29 17:09:47', '2018-11-16 19:13:31', 'Nintendo 64', '', 'Original', 'BRA', 100.00, 300.00, 'Nintendo 64', 'Console', '', '', '', '', 0, 5, '', '', '', 0, 0, 0, 0, 0, 0, 0, 0, 0, 0, 0, 0, 2, 'C', 100, 'Comprado', 1, 'default.jpg', 'default.jpg', 'default.jpg', 'default.jpg', 10, 1, '993d323c27ebd69b12f8eb12205b1be2.png'),
(189, '2017-09-29 17:10:51', '2018-11-16 19:06:31', 'Playstation One', '', 'Original', 'USA', 100.00, 200.00, 'PlayStation', 'Console', '', '', '', '', 0, 5, '', '', '', 0, 0, 0, 0, 0, 0, 0, 0, 0, 0, 0, 0, 2, 'C', 100, 'Comprado', 1, 'default.jpg', 'default.jpg', 'default.jpg', 'default.jpg', 10, 1, 'b9fb007541c7fdab29c87d75e52bf004.jpg'),
(190, '2017-09-29 17:11:25', '2018-11-17 11:26:29', 'Playstation 2 Slim', '', 'Original', 'USA', 500.00, 300.00, 'PlayStation 2', 'Console', '', '', '', '', 0, 4, '', '', '', 0, 0, 0, 0, 0, 0, 0, 0, 0, 0, 0, 0, 2, 'C', 100, 'Comprado', 1, 'default.jpg', 'default.jpg', 'default.jpg', 'default.jpg', 10, 1, 'df6a0d7f233c7333b9ce89e42f5d1e09.png'),
(191, '2017-09-29 17:14:14', '2018-11-17 11:25:46', 'Xbox 360 - Arcade', '', 'Original', 'USA', 600.00, 500.00, 'Xbox 360', 'Console', '', '', '', '', 0, 5, '', '', '', 0, 0, 0, 0, 0, 0, 0, 0, 0, 0, 0, 0, 2, 'C', 100, 'Comprado', 1, 'default.jpg', 'default.jpg', 'default.jpg', 'default.jpg', 10, 1, '97a69f8e4c83bca0339d476e8c404ed1.jpg'),
(192, '2017-09-29 17:16:09', '2018-11-17 11:23:55', 'Xbox One', '', 'Original', 'BRA', 1554.00, 1200.00, 'Xbox One', 'Console', '', '', '', '', 0, 4, '', '', '', 0, 0, 0, 0, 0, 0, 0, 0, 0, 0, 0, 0, 2, 'C', 100, 'Presenteado', 1, 'default.jpg', 'default.jpg', 'default.jpg', 'default.jpg', 10, 1, '793c4cf4887638f66ff8522cb36b8803.jpg'),
(193, '2017-09-29 17:30:25', '2018-11-17 11:24:53', 'Nintendo Wii', '', 'Original', 'BRA', 699.00, 500.00, 'Wii', 'Console', '', '', '', '', 0, 4, '', '', '', 0, 0, 0, 0, 0, 0, 0, 0, 0, 0, 0, 0, 2, 'C', 100, 'Comprado', 1, 'default.jpg', 'default.jpg', 'default.jpg', 'default.jpg', 10, 1, 'abfee1ddfab1f0d12c43fbad7c38656b.jpg'),
(194, '2017-09-29 20:49:02', '2018-11-16 19:23:48', 'PSP', '', 'Original', 'BRA', 499.00, 550.00, 'PSP 3000', 'Portátil', '', '', '', '', 0, 4, '', '', '', 0, 0, 0, 0, 1, 1, 1, 0, 0, 1, 0, 0, 2, 'C', 100, 'Comprado', 1, 'default.jpg', 'default.jpg', 'default.jpg', 'default.jpg', 10, 1, '5047344a2a09152c19502950bd381a1a.jpg'),
(195, '2017-09-29 20:50:43', '2018-11-17 11:21:23', 'Game Boy Color', '', 'Original', 'JAP', 100.00, 150.00, 'Game Boy Color', 'Portátil', '', '', '', '', 0, 5, '', '', '', 0, 0, 0, 0, 0, 0, 0, 0, 0, 0, 0, 0, 2, 'C', 100, 'Comprado', 1, 'default.jpg', 'default.jpg', 'default.jpg', 'default.jpg', 10, 1, 'f57c2a2ac13a4e9fd93a0921b49745e5.jpg'),
(196, '2017-09-29 20:52:13', '2018-11-16 19:22:47', 'Nintendo DS lite', '', 'Original', 'BRA', 700.00, 150.00, 'Nintendo DS Lite', 'Portátil', '', '', '', '', 0, 5, '', '', '', 0, 0, 0, 0, 0, 0, 0, 0, 0, 0, 0, 0, 2, 'C', 100, 'Comprado', 1, 'default.jpg', 'default.jpg', 'default.jpg', 'default.jpg', 10, 1, '0c2f250829c6a868858324235b9fe9d2.jpg'),
(197, '2017-09-29 20:48:24', '2018-11-17 11:21:46', 'Nintendo 2DS', '', 'Original', 'USA', 480.00, 500.00, 'Nintendo 2DS', 'Portátil', '', '', '', '', 0, 4, '', '', '', 0, 0, 0, 0, 1, 1, 1, 0, 0, 0, 0, 0, 2, 'C', 100, 'Comprado', 1, 'default.jpg', 'default.jpg', 'default.jpg', 'default.jpg', 10, 1, 'ce01fc41cb4b23855f3db9d292642a98.jpg'),
(200, '2017-11-26 22:49:11', '2018-01-16 00:52:17', 'Horizon Zero Dawn', '', 'Original', 'BRA', 0.00, 0.00, 'PlayStation 4', 'Jogo Físico', '', 'Ação', '', '', 0, 5, '', '', '', 1, 0, 1, 1, 1, 0, 0, 0, 0, 0, 0, 0, 2, 'C', 85, 'Comprado', 1, 'default.jpg', 'default.jpg', 'default.jpg', 'default.jpg', 20, 1, '6c19fa54adafaa447a86cf59c5861eb6.jpg'),
(201, '2017-10-08 15:51:55', NULL, 'The Last Of Us', '', 'Original', 'BRA', 0.00, 0.00, 'PlayStation 4', 'Jogo Físico', '', 'Ação', '', '', 0, 5, '', '', '', 0, 0, 0, 0, 0, 0, 0, 0, 0, 0, 0, 0, 2, 'C', 100, 'Comprado', 1, 'default.jpg', 'default.jpg', 'default.jpg', 'default.jpg', 10, 1, '96938802507478c664e9fed0e6bcd019.jpg'),
(202, '2017-11-26 22:51:43', NULL, 'Ratchet & Clank', '', 'Original', 'BRA', 0.00, 0.00, 'PlayStation 4', 'Jogo Físico', '', 'Aventura', '', '', 0, 4, '', '', '', 0, 0, 0, 0, 0, 0, 0, 0, 0, 0, 0, 0, 2, 'P', 0, 'Comprado', 1, 'default.jpg', 'default.jpg', 'default.jpg', 'default.jpg', 0, 0, 'a9f2a49567c2f3b44a12c9b877ab46f9.jpg'),
(203, '2017-10-08 15:55:44', NULL, 'God of War 3 Remastered', '', 'Original', 'BRA', 80.00, 0.00, 'PlayStation 4', 'Jogo Físico', '', 'Ação', '', '', 0, 5, '', '', '', 0, 0, 0, 1, 1, 0, 0, 0, 0, 1, 0, 0, 2, 'C', 100, 'Comprado', 1, 'default.jpg', 'default.jpg', 'default.jpg', 'default.jpg', 10, 1, 'd5879b1e4b62727706eb2da8bef5d721.png'),
(204, '2017-10-08 16:01:44', '2018-11-17 11:24:18', 'Playstation 4 Slim', 'Playstation 4 Slim 500GB', 'Original', 'BRA', 1899.00, 1500.00, 'PlayStation 4', 'Console', '', '', '', '', 0, 4, '', '', '', 0, 0, 0, 0, 1, 1, 1, 0, 0, 1, 0, 0, 2, 'C', 100, 'Comprado', 1, 'default.jpg', 'default.jpg', 'default.jpg', 'default.jpg', 10, 1, '9f765acda699fd950ac26dc28b239ff6.jpg'),
(205, '2017-10-10 12:16:19', '2018-06-28 09:31:36', 'Acekard 2i', '', 'Pirata', 'USA', 50.00, 0.00, 'Nintendo DS Lite', 'Adaptador', '', '', '', '', 0, 5, '', '', '', 0, 0, 0, 0, 0, 0, 0, 0, 0, 0, 0, 0, 2, 'C', 100, 'Comprado', 1, 'default.jpg', 'default.jpg', 'default.jpg', 'default.jpg', 10, 1, '387ea5638c90da48e3d97af533cb6b0d.jpg'),
(206, '2017-11-26 22:38:18', NULL, 'Red Dead Redemption', 'Red Dead Redemption é um jogo eletrônico de ação-aventura desenvolvido pela Rockstar San Diego e publicado pela Rockstar Games. Ele foi lançado em maio de 2010 para PlayStation 3 e Xbox 360, sendo um sucessor espiritual de Red Dead Revolver lançado em 2004. O jogo se passa em 1911 durante o declínio do Velho Oeste e segue a história de John Marston, um antigo fora da lei cuja esposa e filho foram tomados como reféns pelo governo para forçá-lo a trabalhar como seu pistoleiro contratado. Sem escolhas, Marston parte em uma jornada para levar três membros de sua antiga gangue até a justiça.', 'Original', 'USA', 22.00, 0.00, 'Xbox 360', 'Jogo Digital', '', 'Ação', '', '', 0, 4, '', '', '', 0, 0, 0, 0, 0, 0, 0, 0, 0, 0, 0, 0, 2, 'P', 0, 'Comprado', 1, 'default.jpg', 'default.jpg', 'default.jpg', 'default.jpg', 0, 0, 'c1682f93feb875867ed697040aeb0784.jpg'),
(207, '2017-11-26 22:33:00', '2018-01-16 11:28:00', '99vidas o jogo', '', 'Original', 'BRA', 17.00, 0.00, 'Xbox One', 'Jogo Digital', '', 'Beat em up', '', '', 0, 41, '', '', '', 0, 0, 0, 0, 0, 0, 0, 0, 0, 0, 0, 0, 2, 'E', 50, 'Comprado', 1, 'default.jpg', 'default.jpg', 'default.jpg', 'default.jpg', 4, 1, '029e1a4a5e3c25e50ec619b87f546b6a.jpg'),
(208, '2017-11-20 13:37:27', NULL, 'STREET FIGHTER X TEKKEN', '', 'Original', 'USA', 11.80, 0.00, 'Xbox 360', 'Jogo Digital', '', 'Luta', '', '', 0, 4, '', '', '', 0, 0, 0, 0, 0, 0, 0, 0, 0, 0, 0, 0, 2, 'C', 100, 'Comprado', 1, 'default.jpg', 'default.jpg', 'default.jpg', 'default.jpg', 10, 1, '4b7ebad0a6613dba835d421b05729cf6.jpg'),
(209, '2017-11-20 13:39:12', NULL, 'SOULCALIBUR II HD', '', 'Original', 'USA', 9.75, 0.00, 'Xbox 360', 'Jogo Digital', '', 'Luta', '', '', 0, 3, '', '', '', 0, 0, 0, 0, 0, 0, 0, 0, 0, 0, 0, 0, 2, 'C', 100, 'Comprado', 1, 'default.jpg', 'default.jpg', 'default.jpg', 'default.jpg', 10, 1, 'b9d14861b0b735a375adc1bd51db78c1.jpg'),
(210, '2017-11-20 13:40:34', NULL, 'SOULCALIBUR V', '', 'Original', 'BRA', 7.25, 0.00, 'Xbox 360', 'Jogo Digital', '', 'Luta', '', '', 0, 4, '', '', '', 0, 0, 0, 0, 0, 0, 0, 0, 0, 0, 0, 0, 2, 'C', 100, 'Comprado', 1, 'default.jpg', 'default.jpg', 'default.jpg', 'default.jpg', 10, 1, 'cd980b4d242ce939d43e4c83962e87fc.jpg'),
(211, '2017-11-26 22:37:19', NULL, 'LOST PLANET COLONIES', '', 'Original', 'USA', 7.80, 0.00, 'Xbox 360', 'Jogo Digital', '', 'Ação', '', '', 0, 4, '', '', '', 0, 0, 0, 0, 0, 0, 0, 0, 0, 0, 0, 0, 2, 'P', 0, 'Comprado', 1, 'default.jpg', 'default.jpg', 'default.jpg', 'default.jpg', 0, 0, 'fae32893750209b3484e2d0a73f8f0a6.jpg'),
(212, '2017-11-26 22:35:37', '2017-12-30 13:47:30', 'Call of Juarez® Gunslinger', '', 'Original', 'BRA', 7.50, 0.00, 'Xbox 360', 'Jogo Digital', '', 'Ação', '', '', 0, 4, '', '', '', 0, 0, 0, 0, 0, 0, 0, 0, 0, 0, 0, 0, 2, 'P', 0, 'Comprado', 1, 'default.jpg', 'default.jpg', 'default.jpg', 'default.jpg', 0, 0, 'b1bc4d98a5cc44f415952176128282bf.jpg'),
(213, '2017-11-26 22:35:00', NULL, 'BioShock', '', 'Original', 'USA', 9.75, 0.00, 'Xbox 360', 'Jogo Digital', '', 'FPS', '', '', 0, 4, '', '', '', 0, 0, 0, 0, 0, 0, 0, 0, 0, 0, 0, 0, 2, 'P', 0, 'Comprado', 1, 'default.jpg', 'default.jpg', 'default.jpg', 'default.jpg', 0, 0, '810ecb2ed9c70f8ec2eaca9887fd31fd.jpg'),
(214, '2017-11-26 22:35:20', NULL, 'Blue Dragon', '', 'Original', 'USA', 17.25, 0.00, 'Xbox 360', 'Jogo Digital', '', 'RPG', '', '', 0, 4, '', '', '', 0, 0, 0, 0, 0, 0, 0, 0, 0, 0, 0, 0, 2, 'P', 0, 'Comprado', 1, 'default.jpg', 'default.jpg', 'default.jpg', 'default.jpg', 0, 0, 'b0a70b9e2d3b60cb32f724297ce0a871.jpg'),
(215, '2017-11-26 22:37:39', '2018-01-16 11:29:00', 'Mighty No. 9', '', 'Original', 'USA', 24.75, 0.00, 'Xbox One', 'Jogo Digital', '', 'Aventura', '', '', 0, 22, '', '', '', 0, 0, 0, 0, 0, 0, 0, 0, 0, 0, 0, 0, 2, 'E', 10, 'Comprado', 1, 'default.jpg', 'default.jpg', 'default.jpg', 'default.jpg', 1, 1, '8f70bf106d8cc722feb30751ffc6f672.jpg'),
(216, '2017-11-26 22:37:58', '2018-01-16 13:49:18', 'ReCore', '', 'Original', 'USA', 29.96, 0.00, 'Xbox One', 'Jogo Digital', '', 'Aventura', '', '', 0, 28, '', '', '', 1, 0, 0, 1, 0, 0, 0, 0, 0, 0, 0, 0, 2, 'E', 10, 'Comprado', 1, 'default.jpg', 'default.jpg', 'default.jpg', 'default.jpg', 2, 1, 'c6dd63f9f6ca562dea3211397a974321.png'),
(217, '2017-11-26 22:39:55', '2018-01-23 11:27:48', 'Thief', '', 'Original', 'USA', 7.80, 0.00, 'Xbox One', 'Jogo Digital', '', 'Ação', '', '', 0, 3, '', '', '', 0, 0, 0, 0, 0, 0, 0, 0, 0, 0, 0, 0, 2, 'P', 0, 'Comprado', 1, 'default.jpg', 'default.jpg', 'default.jpg', 'default.jpg', 0, 0, '1a598a5b5724d29d3cb84a609733c1e1.png'),
(218, '2017-11-20 13:54:35', NULL, 'Street Fighter III: Third Strike Online Edition', '', 'Original', 'USA', 6.66, 0.00, 'Xbox 360', 'Jogo Digital', '', 'Luta', '', '', 0, 5, '', '', '', 0, 0, 0, 0, 0, 0, 0, 0, 0, 0, 0, 0, 2, 'C', 100, 'Comprado', 1, 'default.jpg', 'default.jpg', 'default.jpg', 'default.jpg', 10, 1, '65c41605b0b0a699f9edf2aa4f7ca69a.jpg'),
(219, '2017-11-20 13:55:27', NULL, 'Darkstalkers Resurrection', '', 'Original', 'USA', 5.80, 0.00, 'Xbox 360', 'Jogo Digital', '', 'Luta', '', '', 0, 5, '', '', '', 0, 0, 0, 0, 0, 0, 0, 0, 0, 0, 0, 0, 2, 'C', 100, 'Comprado', 1, 'default.jpg', 'default.jpg', 'default.jpg', 'default.jpg', 10, 1, '9e1ec1feea3e2403642e596dea1067ba.png'),
(220, '2017-11-26 15:35:09', NULL, 'Doom Arcade', '', 'Original', 'USA', 5.00, 0.00, 'Xbox 360', 'Jogo Digital', '', 'FPS', '', '', 0, 5, '', '', '', 0, 0, 0, 0, 0, 0, 0, 0, 0, 0, 0, 0, 2, '', 0, 'Comprado', 1, 'default.jpg', 'default.jpg', 'default.jpg', 'default.jpg', NULL, 1, '120fe26818e960fe2a1eb808d7c37494.jpg'),
(221, '2017-11-26 22:10:53', NULL, 'Doom 2', 'Versão Xbox Live Arcade', 'Original', 'USA', 10.00, 0.00, 'Xbox 360', 'Jogo Digital', '', 'FPS', '', '', 0, 4, '', '', '', 0, 0, 0, 0, 0, 0, 0, 0, 0, 0, 0, 0, 2, 'P', 0, 'Comprado', 1, 'default.jpg', 'default.jpg', 'default.jpg', 'default.jpg', 0, 0, 'c7ad63658d7122acd7071739476785a9.jpg'),
(222, '2017-11-26 22:16:52', NULL, 'Guilty Gear XRD Rev 2', '', 'Original', 'USA', 27.00, 57.00, 'PlayStation 4', 'Jogo Digital', '', 'Luta', '', '', 0, 65, '', '', '', 0, 0, 0, 0, 0, 0, 0, 0, 0, 0, 0, 0, 2, 'E', 15, 'Comprado', 1, 'default.jpg', 'default.jpg', 'default.jpg', 'default.jpg', 8, 1, '895d1ea3055848f438d21dfc1a6bcfb6.jpg'),
(223, '2017-11-26 22:20:07', '2018-05-05 22:57:55', 'UNCHARTED The Nathan Drake Collection', '', 'Original', 'BRA', 39.00, 0.00, 'PlayStation 4', 'Jogo Digital', '', 'Ação', '', '', 0, 63, '', '', '', 0, 0, 0, 0, 0, 0, 0, 0, 0, 0, 0, 0, 2, 'C', 39, 'Comprado', 1, 'default.jpg', 'default.jpg', 'default.jpg', 'default.jpg', 27, 1, 'ac80dec7aa49c21d44cab03ffc69474a.jpg'),
(224, '2018-01-15 12:01:26', '2018-01-15 12:01:26', 'Naruto Shippuden: Ultimate Ninja Storm 4', '', 'Original', 'USA', 62.49, 0.00, 'PlayStation 4', 'Jogo Digital', '', 'Luta', 'Bandai Nanco', 'Bandai', 0, 58, '', '', '', 0, 0, 0, 0, 0, 0, 0, 0, 0, 0, 0, 0, 2, 'E', 10, 'Comprado', 1, 'default.jpg', 'default.jpg', 'default.jpg', 'default.jpg', 2, 5, '7e97230161b821a3059ab87c885724d1.jpg'),
(225, '2018-01-15 19:46:02', '2018-01-15 19:46:02', 'Yooka-Laylee', '', 'Original', 'USA', 37.72, 0.00, 'Xbox One', 'Jogo Digital', '', 'Aventura', '', '', 0, 62, '', '', '', 0, 0, 0, 0, 0, 0, 0, 0, 0, 0, 0, 0, 2, 'E', 5, 'Comprado', 1, 'default.jpg', 'default.jpg', 'default.jpg', 'default.jpg', 1, 1, 'b6c467aea2f5fc0afcf8fa2a3e756d08.png'),
(226, '2018-01-15 19:48:16', '2018-01-15 19:48:16', 'Rayman Origins', '', 'Original', 'BRA', 15.72, 0.00, 'Xbox 360', 'Jogo Digital', '', 'Aventura', '', '', 0, 42, '', '', '', 0, 0, 0, 0, 0, 0, 0, 0, 0, 0, 0, 0, 2, 'E', 10, 'Comprado', 1, 'default.jpg', 'default.jpg', 'default.jpg', 'default.jpg', 4, 1, 'e31ef3d507d616c614746425793eb8bd.jpg'),
(227, '2018-01-15 19:51:06', '2018-01-16 00:53:44', 'RESIDENT EVIL CODE: Veronica X', '', 'Original', 'USA', 8.66, 0.00, 'Xbox 360', 'Jogo Digital', '', 'Ação', '', '', 0, 63, '', '', '', 0, 0, 0, 0, 0, 0, 0, 0, 0, 0, 0, 0, 2, 'P', 4, 'Comprado', 1, 'default.jpg', 'default.jpg', 'default.jpg', 'default.jpg', 1, 1, 'bc2d39d301f67e43a1eff74ea532e9ca.jpg'),
(228, '2018-01-15 20:02:08', '2018-01-15 20:02:08', 'Rayman Legends', '', 'Original', 'BRA', 22.99, 0.00, 'Xbox One', 'Jogo Digital', '', 'Aventura', '', '', 0, 36, '', '', '', 0, 0, 0, 0, 0, 0, 0, 0, 0, 0, 0, 0, 2, 'P', 0, 'Comprado', 1, 'default.jpg', 'default.jpg', 'default.jpg', 'default.jpg', 0, 0, '2be4dc2df80b99d88258d6bada56f8db.png'),
(229, '2018-01-15 20:03:30', '2018-01-16 00:28:41', 'Tomb Raider: Underworld', '', 'Original', 'USA', 0.00, 0.00, 'Xbox 360', 'Jogo Digital', '', 'Ação', '', '', 0, 34, '', '', '', 0, 0, 0, 0, 0, 0, 0, 0, 0, 0, 0, 0, 2, 'P', 0, 'Presenteado', 1, 'default.jpg', 'default.jpg', 'default.jpg', 'default.jpg', 0, 0, 'd71d3b1898e338cabc3b05b3028d2b5b.jpg'),
(230, '2018-01-25 20:08:51', '2018-01-30 11:24:30', 'Minecraft - Xbox 360 Edition', 'Minecraft - Xbox 360 Edition', 'Original', 'BRA', 60.00, 40.00, 'Xbox 360', 'Jogo Físico', '', 'Aventura', 'Mojang', 'Microsoft', 0, 19, 'Sala', 'Rack', 'Colmeia', 1, 0, 0, 1, 1, 0, 0, 0, 0, 0, 0, 0, 2, 'E', 100, 'Comprado', 1, 'default.jpg', 'default.jpg', 'default.jpg', 'default.jpg', 10, 1, '94352e5630f6271664c82f9fac1f5538.jpg'),
(231, '2018-02-05 01:09:47', '2018-02-05 01:09:47', 'Mortal Kombat Vs. Dc Universe', '', 'Original', 'USA', 79.00, 0.00, 'Xbox 360', 'Jogo Físico', '', 'Luta', '', '', 0, 22, '', '', '', 1, 0, 0, 1, 1, 0, 0, 0, 0, 0, 0, 0, 2, 'E', 5, 'Comprado', 1, 'default.jpg', 'default.jpg', 'default.jpg', 'default.jpg', 1, 1, 'b09b64ac04cf7b014c3f81c88a469d05.jpg'),
(232, '2018-02-07 12:47:21', '2018-02-07 12:47:21', 'Super Mario RPG', 'Super Mario RPG é um jogo de RPG, desenvolvido pela Square (atual Square Enix), juntamente com a Nintendo e lançado em 1996 no Japão e nos Estados Unidos para o Super NES[1].\n\nO jogo é o primeiro RPG a estrelar o mascote da Nintendo, Mario, e por 7 anos, o último jogo da Square em um console da Nintendo (até Final Fantasy Crystal Chronicles, em 2003). Com uma história separada da cronologia normal da série de Mario, tem uma jogabilidade que combina elementos da série Final Fantasy com outros de Chrono Trigger, lançado no ano anterior.', 'Original', 'USA', 25.00, 0.02, 'Super Nintendo/Super Famicom', 'Jogo Físico', '', 'RPG', '', '', 0, 88, '', '', '', 1, 0, 0, 0, 1, 1, 0, 0, 1, 0, 0, 0, 1, 'C', 36, 'Comprado', 1, 'default.jpg', 'default.jpg', 'default.jpg', 'default.jpg', 18, 17, 'e0b0d6b5c849dcefc1e27034b445775a.jpg'),
(233, '2018-02-07 12:49:15', '2018-02-07 12:49:15', 'Super Nintendo', 'Super Nintendo Entertainment System, (também conhecido como o Super NES, SNES ou Super Nintendo, em português Super Sistema de Entretenimento Nintendo) é um console de videogame de 16 bits desenvolvido pela Nintendo que foi lançado em 1990 no Japão, 1991 nos Estados Unidos, 1992 na Europa e Australásia (Oceania) e América do Sul em 1993. No Japão, o sistema é chamado de Super Famicom (Sūpā Famikon), oficialmente, adotando o nome abreviado do seu antecessor, o Famicom), ou SFC para breve. Na Coréia do Sul, é conhecida como a Super Comboy e foi distribuído pela Hyundai Electronics. Embora cada versão é essencialmente o mesmo, várias formas de bloqueio regional impedem as diferentes versões sejam compatíveis entre si.', 'Original', 'BRA', 0.02, 0.04, 'Super Nintendo/Super Famicom', 'Console', '', '', '', '', 0, 1, '', '', '', 0, 0, 0, 0, 1, 0, 0, 0, 0, 0, 0, 0, 1, 'E', 0, 'Comprado', 1, 'default.jpg', 'default.jpg', 'default.jpg', 'default.jpg', 94, 21, 'd0b3dd330598085c67f09a84f80a6ced.jpg'),
(234, '2018-03-13 16:10:38', '2018-03-13 16:10:38', 'Metal Slug Anthology', 'Metal Slug Anthology é uma compilação de jogos eletrônicos da série Metal Slug, que compreende sete jogos da mesma. Foi lançado primeiramente PlayStation 2 e mais tarde convertido para PlayStation Portable e Wii. O lançamento para a Austrália foi em 16 de novembro de 2006', 'Original', 'USA', 28.00, 0.00, 'PlayStation 4', 'Jogo Digital', '', 'Ação', 'SNK', 'Playmore', 0, 76, '', '', '', 0, 0, 0, 0, 0, 0, 0, 0, 0, 0, 0, 0, 2, 'C', 73, 'Comprado', 1, 'default.jpg', 'default.jpg', 'default.jpg', 'default.jpg', 50, 21, 'a1a2a2008243e5053dfac63d6d3a2b1e.jpg'),
(235, '2018-03-13 16:14:04', '2018-03-13 16:14:04', 'Fatal Fury: Battle Archives Volume 2', '', 'Original', 'BRA', 28.00, 0.00, 'PlayStation 4', 'Jogo Digital', '', 'Luta', 'SNK', 'Playmore', 0, 95, '', '', '', 0, 0, 0, 0, 0, 0, 0, 0, 0, 0, 0, 0, 2, 'C', 30, 'Comprado', 1, 'default.jpg', 'default.jpg', 'default.jpg', 'default.jpg', 50, 50, '866df45f522db33a719cfb4fea9110e5.jpg'),
(236, '2018-03-13 16:18:38', '2018-05-02 09:51:02', 'BlazBlue - Chrono Phantasma', 'BlazBlue: Chrono Phantasma Extend é uma versão estendida do terceiro título da série de luta da Arc System Works. Mesmo com bastante conteúdo adicional na história, essa nova versão é praticamente uma atualização do game anterior. Disponível para PlayStation 3, PS4, PS Vita e Xbox One, este é um título imperdível para os amantes dos jogos de luta. Confira a análise.', 'Original', 'USA', 24.50, 0.00, 'Xbox One', 'Jogo Digital', '', 'Luta', 'Arc System Works', 'Arc System Works', 0, 45, '', '', '', 0, 0, 0, 0, 0, 0, 0, 0, 0, 0, 0, 0, 2, 'C', 20, 'Comprado', 1, 'default.jpg', 'default.jpg', 'default.jpg', 'default.jpg', 5, 3, '6e16c17b126a6be9dccef88ab5f8d8fd.jpg'),
(237, '2018-03-13 16:26:13', '2018-03-13 16:26:13', 'Marlow Briggs and the Mask of the Death', '', 'Original', 'USA', 0.00, 28.00, 'Xbox 360', 'Jogo Digital', '', 'Ação', '', '', 0, 17, '', '', '', 0, 0, 0, 0, 0, 0, 0, 0, 0, 0, 0, 0, 2, 'P', 0, 'Presenteado', 1, 'default.jpg', 'default.jpg', 'default.jpg', 'default.jpg', 0, 0, 'e57b00543cf122c80930af48347f4072.jpg'),
(238, '2018-03-13 16:28:45', '2018-03-13 16:28:45', 'Deadfall Adventures', '', 'Original', 'USA', 0.00, 129.00, 'Xbox 360', 'Jogo Digital', '', 'FPS', '', '', 0, 17, '', '', '', 0, 0, 0, 0, 0, 0, 0, 0, 0, 0, 0, 0, 2, 'P', 0, 'Presenteado', 1, 'default.jpg', 'default.jpg', 'default.jpg', 'default.jpg', 0, 0, '59270a334ad77c6d4cf713e931fc156d.jpg'),
(239, '2018-03-13 16:32:01', '2018-03-13 16:32:01', 'Batman - Arkham City', '', 'Original', 'USA', 13.84, 0.00, 'Xbox 360', 'Jogo Digital', '', 'Ação', '', '', 0, 66, '', '', '', 0, 0, 0, 0, 0, 0, 0, 0, 0, 0, 0, 0, 2, 'C', 72, 'Comprado', 1, 'default.jpg', 'default.jpg', 'default.jpg', 'default.jpg', 10, 1, '3343fa3661fa688cbd0cb2ac24403331.jpg'),
(240, '2018-04-02 01:06:54', '2018-04-02 01:06:54', 'Diddy Kong racing', '', 'Original', 'USA', 60.00, 80.00, 'Nintendo 64', 'Jogo Físico', '', 'Corrida', 'Rare', 'Nintendo', 0, 50, '', '', '', 1, 0, 0, 0, 0, 0, 0, 0, 0, 0, 0, 0, 2, 'E', 17, 'Comprado', 1, 'default.jpg', 'default.jpg', 'default.jpg', 'default.jpg', 7, 1, '855c6e0ce72963fa572ffec62319ff97.jpg'),
(242, '2018-04-03 10:01:08', '2018-04-03 10:01:08', 'Halo Wars', 'Halo Wars é um jogo eletrônico de estratégia em tempo real desenvolvido pela Ensemble Studios e publicado pela Microsoft Game Studios para a plataforma Xbox 360, lançado primeiramente no Japão e Austrália em 26 de fevereiro de 2009, chegando na América do Norte em 3 de março. O jogo é ambientado no universo de ficção científica da série Halo no ano de 2531, 21 anos antes dos acontecimentos de Halo: Combat Evolved. O jogador controla soldados humanos a bordo da nave de guerra "Spirit of Fire", em um esforço para parar uma antiga frota de naves de cair nas mãos da aliança alienígena Covenant.', 'Original', 'BRA', 20.00, 40.00, 'Xbox One', 'Jogo Digital', '', 'Estratégia', 'Ensemble Studios', 'Microsoft', 0, 24, '', '', '', 0, 0, 0, 0, 0, 0, 0, 0, 0, 0, 0, 0, 2, 'P', 0, 'Comprado', 1, 'default.jpg', 'default.jpg', 'default.jpg', 'default.jpg', 0, 0, 'ba9866720c4e82d09fae45dfb1416db2.jpg'),
(243, '2018-04-12 20:49:48', '2018-04-12 20:49:48', 'Ultimate Marvel vs Capcom 3', '', 'Original', 'BRA', 70.00, 150.00, 'Xbox 360', 'Jogo Físico', '', 'Luta', 'Capcom', 'Capcom', 0, 83, '', '', '', 1, 0, 0, 1, 1, 0, 0, 0, 0, 0, 0, 0, 2, 'C', 88, 'Comprado', 1, 'default.jpg', 'default.jpg', 'default.jpg', 'default.jpg', 20, 10, '61de907f17cb44c281f507d1e745f238.jpg'),
(244, '2018-04-12 20:59:38', '2018-04-12 20:59:38', 'Marvel vs Capcom Infinite', '', 'Original', 'BRA', 179.00, 0.00, 'PlayStation 4', 'Jogo Físico', '', '', '', '', 0, 50, '', '', '', 0, 0, 0, 0, 0, 0, 0, 0, 0, 0, 0, 0, 2, '', 0, 'Comprado', 1, 'default.jpg', 'default.jpg', 'default.jpg', 'default.jpg', 0, 0, '789160af7a1b0246f428e010fcf064a6.jpg'),
(245, '2018-04-16 01:32:56', '2018-05-05 23:02:52', 'Dungeons & Dragons: Chronicles of Mystara', '', 'Original', 'USA', 13.17, 0.00, 'Xbox 360', 'Jogo Digital', '', 'Beat em up', '', '', 0, 46, '', '', '', 0, 0, 0, 0, 0, 0, 0, 0, 0, 0, 0, 0, 2, 'C', 84, 'Comprado', 1, 'default.jpg', 'default.jpg', 'default.jpg', 'default.jpg', 2, 17, 'd577a718ce9c3f0067d27be28045cf58.jpg'),
(246, '2018-04-16 18:37:56', '2018-04-16 18:37:56', 'Mortal Kombat Armageddon', '', 'Original', 'USA', 139.00, 0.00, 'PlayStation 2', 'Jogo Físico', '', 'Luta', '', '', 0, 47, '', '', '', 1, 0, 0, 1, 1, 0, 0, 0, 0, 0, 0, 1, 2, 'P', 0, 'Comprado', 1, 'default.jpg', 'default.jpg', 'default.jpg', 'default.jpg', 0, 0, '4a51d8a422e0142efc63c65e629e6f59.jpg'),
(247, '2018-04-25 14:46:49', '2018-05-05 23:01:20', 'King of Fighter EX - Neo Blood', '', 'Original', 'USA', 11.40, 0.00, 'Game Boy Advance', 'Jogo Físico', '', 'Luta', '', '', 0, 45, '', '', '', 1, 0, 0, 0, 0, 0, 0, 0, 0, 0, 0, 0, 2, 'C', 42, 'Doado', 1, 'default.jpg', 'default.jpg', 'default.jpg', 'default.jpg', 1, 1, '5d6fbf5441e880961247bd4660ac4779.jpg'),
(248, '2018-04-25 14:47:47', '2018-04-26 09:09:16', 'Shrek Reekin Havoc', '', 'Original', 'USA', 11.40, 0.00, 'Game Boy Advance', 'Jogo Físico', '', 'Aventura', '', '', 0, 6, '', '', '', 1, 0, 0, 0, 0, 0, 0, 0, 0, 0, 0, 0, 2, 'P', 0, 'Doado', 1, 'default.jpg', 'default.jpg', 'default.jpg', 'default.jpg', 0, 0, '47309f209ce2edea9f257f44c196e131.jpg'),
(249, '2018-04-25 14:48:38', '2018-04-26 09:08:34', 'Super Mario Advance', 'Contém os jogos:\nSuper Mario Bros 2;\nMario Bros.', 'Original', 'USA', 11.40, 0.00, 'Game Boy Advance', 'Jogo Físico', '', 'Aventura', '', '', 0, 28, '', '', '', 1, 0, 0, 0, 0, 0, 0, 0, 0, 0, 0, 0, 2, 'P', 0, 'Doado', 1, 'default.jpg', 'default.jpg', 'default.jpg', 'default.jpg', 0, 0, 'ebbba23eb2cf58a34b220f53b90fd944.jpg'),
(250, '2018-04-25 14:49:39', '2018-04-26 09:14:00', 'The Legend of Zelda Oracle of Seasons', '', 'Pirata', 'USA', 11.00, 0.00, 'Game Boy Color', 'Jogo Físico', '', 'RPG', '', '', 0, 30, '', '', '', 1, 0, 0, 0, 0, 0, 0, 0, 0, 0, 0, 0, 2, 'P', 0, 'Doado', 1, 'default.jpg', 'default.jpg', 'default.jpg', 'default.jpg', 0, 0, '1e3d4f236dcad4e1d67d97541f05d133.jpg'),
(251, '2018-04-25 14:50:36', '2018-11-17 11:22:29', 'Game Boy Advance', 'Segundo portátil da Nintendo', 'Original', 'USA', 11.40, 200.00, 'Game Boy Advance', 'Portátil', '', '', '', '', 0, 42, '', '', '', 0, 0, 0, 0, 0, 0, 0, 0, 0, 0, 0, 0, 2, '', 0, 'Comprado', 1, 'default.jpg', 'default.jpg', 'default.jpg', 'default.jpg', 0, 0, '19c0b864e8af4203c0c8874b904a77ec.jpg'),
(252, '2018-04-26 08:20:52', '2018-04-26 08:20:52', 'Worm light', 'Iluminação para o portátil game boy advanced', 'Pirata', 'USA', 11.40, 0.00, 'Game Boy Advance', 'Outros Acessórios', '', '', '', '', 0, 10, '', '', '', 0, 0, 0, 0, 0, 0, 0, 0, 0, 0, 0, 0, 2, '', 0, 'Doado', 1, 'default.jpg', 'default.jpg', 'default.jpg', 'default.jpg', 0, 0, '8ed9516cc36a8a3ff60f33000e04dd00.jpg'),
(253, '2018-05-01 12:44:50', '2018-05-01 12:44:50', 'Pokemon ultra moon', 'Versão atualizada do pokemob moon', 'Original', 'USA', 150.00, 200.00, 'Nintendo 3DS', 'Jogo Físico', '', 'RPG', 'Pokémon company', 'Nintendo', 0, 64, 'Sala', 'Armário gamer', 'Prateleira', 1, 0, 0, 0, 1, 0, 0, 0, 0, 0, 0, 0, 2, 'E', 14, 'Comprado', 1, 'default.jpg', 'default.jpg', 'default.jpg', 'default.jpg', 7, 1, 'd1f75d06cd5af505fcec294a59405b53.jpg'),
(255, '2018-06-01 20:02:45', '2018-06-01 20:02:45', 'God of War: Ascension', 'God of War: Ascension', 'Original', 'BRA', 50.00, 69.00, 'PlayStation 3', 'Jogo Físico', '', 'Ação', 'Santa Monica', 'Sony', 0, 43, '', '', '', 1, 0, 0, 1, 0, 0, 0, 0, 0, 0, 0, 0, 2, 'P', 0, 'Comprado', 1, 'default.jpg', 'default.jpg', 'default.jpg', 'default.jpg', 0, 0, '1ee9571c34e1054521a12d79c0bca835.jpg'),
(256, '2018-06-05 19:21:33', '2018-06-05 19:21:33', 'Kirby Triple Deluxe', '', 'Original', 'USA', 60.00, 99.00, 'Nintendo 3DS', 'Jogo Físico', '', 'Aventura', 'Nintendo', 'Nintendo', 0, 43, '', '', '', 1, 0, 0, 0, 1, 0, 0, 0, 0, 0, 0, 0, 2, 'P', 0, '', 1, 'default.jpg', 'default.jpg', 'default.jpg', 'default.jpg', 0, 0, '063a45164062f01009be0e312a3d3c9b.jpg'),
(257, '2018-06-05 19:23:04', '2018-10-22 23:24:59', 'Horizon Chase Turbo', '', 'Original', 'BRA', 52.00, 49.00, 'PlayStation 4', 'Jogo Físico', '', 'Corrida', '', '', 0, 78, '', '', '', 1, 0, 0, 1, 1, 0, 0, 0, 0, 0, 0, 0, 2, 'E', 10, 'Comprado', 1, 'default.jpg', 'default.jpg', 'default.jpg', 'default.jpg', 2, 1, 'ab684e2b78836acc536896a9818e9775.png'),
(258, '2018-06-07 00:00:00', '2018-06-14 22:36:39', 'DmC', 'Reboot Devil My Cry', 'Original', 'USA', 17.70, 0.00, 'Xbox 360', 'Jogo Digital', '', 'Ação', '', '', 1, 28, '', '', '', 0, 0, 0, 0, 0, 0, 0, 0, 0, 0, 0, 0, 2, 'P', 0, 'Comprado', 1, 'default.jpg', 'default.jpg', 'default.jpg', 'default.jpg', 0, 0, 'a74612c6a6ec63f86677ef6226daf528.jpg'),
(259, '2018-06-07 00:00:00', '2018-06-07 13:40:21', 'METAL GEAR SOLID V: GROUND ZEROES', 'Demo Paga ', 'Original', 'USA', 15.64, 0.00, 'Xbox 360', 'Jogo Digital', '', 'Ação', '', '', 0, 50, '', '', '', 0, 0, 0, 0, 0, 0, 0, 0, 0, 0, 0, 0, 2, 'P', 0, 'Comprado', 1, 'default.jpg', 'default.jpg', 'default.jpg', 'default.jpg', 0, 0, 'ad678d8292017532130b81d0f958926e.jpg'),
(260, '2018-06-07 00:00:00', '2018-06-07 13:42:22', 'DEUS EX: HUMAN REVOLUTION', '', 'Original', 'USA', 5.18, 0.00, 'Xbox 360', 'Jogo Digital', '', 'Ação', '', '', 0, 50, '', '', '', 0, 0, 0, 0, 0, 0, 0, 0, 0, 0, 0, 0, 2, 'P', 0, 'Comprado', 1, 'default.jpg', 'default.jpg', 'default.jpg', 'default.jpg', 0, 0, 'd26774f271213691dd9df06440397eef.jpg'),
(261, '2018-06-07 00:00:00', '2018-06-07 13:41:56', 'Marvel: Ultimate Alliance Bundle', '', 'Original', 'USA', 62.25, 0.00, 'Xbox One', 'Jogo Digital', '', 'Ação', '', '', 0, 50, '', '', '', 0, 0, 0, 0, 0, 0, 0, 0, 0, 0, 0, 0, 2, 'P', 0, 'Comprado', 1, 'default.jpg', 'default.jpg', 'default.jpg', 'default.jpg', 0, 0, 'e7fbc31f9783c894ed8c267698d1d77f.jpg'),
(262, '2018-06-07 00:00:00', '2018-06-07 13:44:12', 'Metro Redux Bundle', '', 'Original', 'USA', 12.95, 0.00, 'Xbox One', 'Jogo Digital', '', 'Ação', '', '', 0, 50, '', '', '', 0, 0, 0, 0, 0, 0, 0, 0, 0, 0, 0, 0, 2, 'P', 0, 'Comprado', 1, 'default.jpg', 'default.jpg', 'default.jpg', 'default.jpg', 0, 0, 'e70a669d738b2a6fd0a0c3fc7f16339d.jpg'),
(263, '2018-06-07 00:00:00', '2018-06-07 13:41:10', 'LIMBO', '', 'Original', 'USA', 8.34, 0.00, 'Xbox One', 'Jogo Digital', '', 'Ação', '', '', 0, 50, '', '', '', 0, 0, 0, 0, 0, 0, 0, 0, 0, 0, 0, 0, 2, 'P', 0, 'Comprado', 1, 'default.jpg', 'default.jpg', 'default.jpg', 'default.jpg', 0, 0, 'b129539a9532c8274f01b8c47d28ae67.png'),
(264, '2018-06-07 00:00:00', '2018-06-07 13:40:47', 'INSIDE', '', 'Original', 'USA', 17.13, 0.00, 'Xbox One', 'Jogo Digital', '', 'Ação', '', '', 0, 50, '', '', '', 0, 0, 0, 0, 0, 0, 0, 0, 0, 0, 0, 0, 2, 'P', 0, 'Comprado', 1, 'default.jpg', 'default.jpg', 'default.jpg', 'default.jpg', 0, 0, '5ed100203628faaf2b7c0286a6bcf92b.png'),
(265, '2018-06-07 00:00:00', '2018-06-07 13:35:41', 'Dead Island Definitive Edition', '', 'Original', 'USA', 8.56, 0.00, 'Xbox One', 'Jogo Digital', '', 'FPS', '', '', 0, 50, '', '', '', 0, 0, 0, 0, 0, 0, 0, 0, 0, 0, 0, 0, 2, 'P', 0, 'Comprado', 1, 'default.jpg', 'default.jpg', 'default.jpg', 'default.jpg', 0, 0, '1dd3cd3b34a95668dd5ca0b5071cb8f3.jpg'),
(266, '2018-06-14 22:22:00', '2018-10-23 01:23:00', 'Double dragon IV', 'Double dragon 4', 'Original', 'USA', 21.50, 0.00, 'PlayStation 4', 'Jogo Digital', '', 'Beat em up', '', '', 0, 35, '', '', '', 0, 0, 0, 0, 0, 0, 0, 0, 0, 0, 0, 0, 2, 'P', 0, 'Comprado', 1, 'default.jpg', 'default.jpg', 'default.jpg', 'default.jpg', 0, 0, '56d86867786f877cf6dd54616f43b072.png'),
(267, '2018-06-14 22:26:35', '2018-06-14 22:26:35', 'Street Fighter V Arcade Edition', '', 'Original', 'BRA', 50.00, 0.00, 'PlayStation 4', 'Jogo Físico', '', 'Luta', '', '', 0, 72, '', '', '', 1, 0, 0, 1, 1, 0, 0, 0, 0, 0, 0, 0, 2, 'C', 100, 'Comprado', 1, 'default.jpg', 'default.jpg', 'default.jpg', 'default.jpg', 20, 10, '8e7326c411aa2b035a05fb060ef924e5.jpg'),
(268, '2018-06-14 22:27:56', '2018-06-14 22:27:56', 'Injutice 2 legendary edition', '', 'Original', 'BRA', 0.00, 0.00, 'PlayStation 4', 'Jogo Físico', '', 'Luta', '', '', 0, 78, '', '', '', 1, 0, 0, 1, 1, 0, 0, 0, 0, 0, 0, 0, 2, 'C', 50, 'Comprado', 1, 'default.jpg', 'default.jpg', 'default.jpg', 'default.jpg', 10, 1, '1aa6e93e6d7f264fc040acc4e43a5f13.jpg'),
(269, '2018-06-14 22:30:57', '2018-06-14 22:30:57', 'Marvel: Ultimate Alliance Bundle', '', 'Original', 'USA', 62.00, 100.00, 'Xbox One', 'Jogo Digital', '', 'Ação', '', '', 0, 1, '', '', '', 0, 0, 0, 0, 0, 0, 0, 0, 0, 0, 0, 0, 2, 'E', 4, '', 1, 'default.jpg', 'default.jpg', 'default.jpg', 'default.jpg', 1, 1, '0a0114ea1759e050ea7693e7faec84a4.png');
INSERT INTO `tb_game_item` (`id`, `data_cadastro`, `data_update`, `titulo`, `descricao`, `procedencia`, `regiao`, `valor_pago`, `valor_atual`, `plataforma`, `tipo`, `codigo`, `genero`, `produtora`, `publicadora`, `complemento`, `avaliacao`, `local_primeiro`, `local_segundo`, `local_terceiro`, `flag_cartucho_disco`, `flag_replica`, `flag_protetor`, `flag_cd_dvd`, `flag_caixa`, `flag_manual`, `flag_berco`, `flag_panfleto`, `flag_poster`, `flag_nota_fiscal`, `flag_lacrado`, `flag_luva`, `id_user`, `status`, `progressao`, `situacao`, `possui`, `screenshot1`, `screenshot2`, `screenshot3`, `screenshot4`, `tempo`, `num_jogadas`, `imagem`) VALUES
(270, '2018-06-14 22:33:29', '2018-06-14 22:33:29', 'Homefront The Revolution', '', 'Original', 'BRA', 15.55, 0.00, 'Xbox One', 'Jogo Digital', '', 'FPS', '', '', 0, 1, '', '', '', 0, 0, 0, 0, 0, 0, 0, 0, 0, 0, 0, 0, 2, 'P', 0, 'Comprado', 1, 'default.jpg', 'default.jpg', 'default.jpg', 'default.jpg', 0, 0, '1288fc4385d144eeaa240bdfe4872309.jpg'),
(271, '2018-06-14 22:42:24', '2018-06-14 22:42:24', 'Metal Gear Solid HD', '', 'Original', 'USA', 0.00, 0.00, 'Xbox 360', 'Jogo Digital', '', 'Ação', '', '', 0, 54, '', '', '', 0, 0, 0, 0, 0, 0, 0, 0, 0, 0, 0, 0, 2, 'P', 0, 'Comprado', 1, 'default.jpg', 'default.jpg', 'default.jpg', 'default.jpg', 0, 0, '0d1cb9ce44ec12942dc7085475f191d3.jpg'),
(272, '2018-06-14 22:44:13', '2018-06-14 22:44:13', 'Beyond Good & Evil HD', '', 'Original', 'USA', 5.79, 0.00, 'Xbox 360', 'Jogo Digital', '', 'Aventura', '', '', 0, 36, '', '', '', 0, 0, 0, 0, 0, 0, 0, 0, 0, 0, 0, 0, 2, 'P', 0, 'Comprado', 1, 'default.jpg', 'default.jpg', 'default.jpg', 'default.jpg', 0, 0, '077c3119025d203a7ee90f9f0caa1c8f.jpg'),
(273, '2018-06-14 22:46:55', '2018-06-14 22:46:55', 'Homefront', '', 'Original', 'USA', 8.61, 0.00, 'Xbox 360', 'Jogo Digital', '', 'FPS', '', '', 0, 47, '', '', '', 0, 0, 0, 0, 0, 0, 0, 0, 0, 0, 0, 0, 2, 'C', 100, 'Comprado', 1, 'default.jpg', 'default.jpg', 'default.jpg', 'default.jpg', 15, 1, 'ef24f6bbcb06fbce9a05aeb4df84511b.jpg'),
(274, '2018-06-14 22:47:48', '2018-06-14 22:47:48', 'Rage', '', 'Original', 'USA', 17.10, 0.00, 'Xbox 360', 'Jogo Digital', '', 'FPS', '', '', 0, 54, '', '', '', 0, 0, 0, 0, 0, 0, 0, 0, 0, 0, 0, 0, 2, 'P', 0, 'Comprado', 1, 'default.jpg', 'default.jpg', 'default.jpg', 'default.jpg', 0, 0, 'c33839f80f6d3f0e6c5094fb2d86710f.jpg'),
(275, '2018-06-14 22:51:42', '2018-06-14 22:51:42', 'bloodstained curse of the moon', '', 'Original', 'USA', 40.00, 0.00, 'Nintendo 3DS', 'Jogo Digital', '', 'Aventura', '', '', 0, 48, '', '', '', 0, 0, 0, 0, 0, 0, 0, 0, 0, 0, 0, 0, 2, 'P', 0, 'Comprado', 1, 'default.jpg', 'default.jpg', 'default.jpg', 'default.jpg', 0, 0, '092e8f1e7064dc519fdb9490f8b5d7b7.jpg'),
(276, '2018-06-14 22:54:22', '2018-06-14 22:54:22', 'Fifa 2000', '', 'Original', 'BRA', 25.00, 0.00, 'PC-FX', 'Jogo Físico', '', 'Esporte', '', '', 0, 41, '', '', '', 1, 0, 0, 1, 0, 0, 0, 0, 0, 0, 0, 0, 2, 'C', 100, 'Comprado', 1, 'default.jpg', 'default.jpg', 'default.jpg', 'default.jpg', 20, 10, '49282fa4ab45914e445584fab6e3b23e.jpg'),
(277, '2018-06-27 20:31:25', '2018-06-27 20:31:25', 'MegaMan Legacy Collection 2', 'Contém mega man:\n7,8,9,10', 'Original', 'BRA', 99.00, 120.00, 'PlayStation 4', 'Jogo Físico', '', 'Aventura', 'Capcom', 'Capcom', 0, 90, '', '', '', 1, 0, 0, 1, 1, 0, 0, 0, 0, 0, 0, 0, 2, 'P', 0, 'Comprado', 1, 'default.jpg', 'default.jpg', 'default.jpg', 'default.jpg', 0, 0, '24f3e00aba2efc9a0e6ecd14acfa0c6e.jpg'),
(278, '2018-06-27 20:33:32', '2018-06-27 20:33:32', 'Uncharted 4', '', 'Original', 'BRA', 89.00, 99.00, 'PlayStation 4', 'Jogo Físico', '', 'Ação', 'Sony', 'Sony', 0, 60, '', '', '', 1, 0, 0, 1, 1, 0, 0, 0, 0, 0, 0, 0, 2, 'P', 0, 'Comprado', 1, 'default.jpg', 'default.jpg', 'default.jpg', 'default.jpg', 0, 0, '088b1cbdea5273b886f40b2059efdef4.jpg'),
(279, '2018-06-28 09:35:08', '2018-06-28 09:35:08', 'Guitar grip decades', '', 'Pirata', 'USA', 20.00, 0.00, 'Nintendo DS Lite', 'Adaptador', '', '', '', '', 0, 41, '', '', '', 0, 0, 0, 0, 1, 1, 1, 0, 0, 0, 0, 0, 2, '', 0, 'Comprado', 1, 'default.jpg', 'default.jpg', 'default.jpg', 'default.jpg', 0, 0, '808b487988f5e9428ef06e745e423d2f.jpg'),
(280, '2018-08-14 11:26:04', '2018-10-22 23:48:49', 'Real bout fatal Fury special', '', 'Original', 'JAP', 47.00, 0.00, 'Game Boy', 'Jogo Físico', '', 'Luta', '', '', 0, 62, '', '', '', 1, 0, 0, 0, 0, 0, 0, 0, 0, 0, 0, 0, 2, 'P', 100, 'Comprado', 1, 'default.jpg', 'default.jpg', 'default.jpg', 'default.jpg', 31, 48, '65090af6d1589c7914e6865f77a5a977.jpg'),
(281, '2018-08-14 11:27:11', '2018-10-22 23:48:29', 'Wario Land 2', '', 'Original', 'USA', 47.00, 0.00, 'Game Boy', 'Jogo Físico', '', 'Aventura', '', '', 0, 54, '', '', '', 1, 0, 0, 0, 0, 0, 0, 0, 0, 0, 0, 0, 2, 'P', 0, 'Comprado', 1, 'default.jpg', 'default.jpg', 'default.jpg', 'default.jpg', 0, 0, '7cfb661345cc9fc3ca004f6f84398cee.jpg'),
(282, '2018-10-22 11:32:16', '2018-10-22 23:47:05', 'Mega Man legacy collection', 'Coleção dos nega Man do nes', 'Original', 'BRA', 59.00, 0.00, 'PlayStation 4', 'Jogo Físico', '', 'Aventura', 'Capcon', 'Warner', 0, 76, '', '', '', 1, 0, 0, 0, 1, 0, 0, 0, 0, 1, 0, 0, 2, 'C', 100, 'Comprado', 1, 'default.jpg', 'default.jpg', 'default.jpg', 'default.jpg', 18, 15, '167680414ab4b85b349a8d91ec389f81.jpg'),
(283, '2018-10-22 11:34:38', '2018-10-22 11:34:38', 'The King of Fighter 14', '', 'Original', 'USA', 149.00, 199.00, 'PlayStation 4', 'Jogo Físico', '', 'Luta', 'SNK', 'SNK', 0, 49, '', '', '', 1, 0, 0, 1, 0, 0, 0, 0, 0, 1, 0, 0, 2, 'P', 0, 'Comprado', 1, 'default.jpg', 'default.jpg', 'default.jpg', 'default.jpg', 0, 0, '13cfee10f6517901c6074fab50e85af5.jpg'),
(284, '2018-10-22 11:37:00', '2018-10-22 11:37:00', 'God of war', 'Quarto episódio da série principal', 'Original', 'BRA', 149.00, 0.00, 'PlayStation 4', 'Jogo Físico', '', 'Ação', '', '', 0, 55, '', '', '', 1, 0, 0, 1, 0, 0, 0, 0, 0, 1, 0, 0, 2, 'P', 0, 'Comprado', 1, 'default.jpg', 'default.jpg', 'default.jpg', 'default.jpg', 0, 0, 'e45e020abdcc03246c2df9ca66422aee.jpg'),
(285, '2018-10-22 11:39:47', '2018-10-22 11:39:47', 'Dragon ball Fighter Z', '', 'Original', 'USA', 149.00, 200.00, 'PlayStation 4', 'Jogo Físico', '', 'Luta', 'Bandai', 'Bandai', 0, 62, '', '', '', 1, 0, 0, 1, 1, 0, 0, 0, 0, 1, 0, 0, 2, 'P', 0, 'Comprado', 1, 'default.jpg', 'default.jpg', 'default.jpg', 'default.jpg', 0, 0, 'd2050481be2eb891b7066e9e6b66d41b.jpg'),
(286, '2018-10-22 11:41:35', '2018-10-22 11:41:35', 'Spiderman', '', 'Original', 'BRA', 179.00, 200.00, 'PlayStation 4', 'Jogo Físico', '', 'Aventura', '', '', 0, 42, '', '', '', 1, 0, 0, 1, 1, 0, 0, 0, 0, 1, 0, 0, 2, 'P', 0, 'Comprado', 1, 'default.jpg', 'default.jpg', 'default.jpg', 'default.jpg', 0, 0, '0ebd8673ee74d0317cbd52024ba0978f.jpg'),
(287, '2018-10-22 23:51:40', '2018-10-22 23:51:40', 'Mortal Kombat', '', 'Original', 'USA', 80.00, 0.00, 'Super Nintendo/Super Famicom', 'Jogo Físico', '', 'Luta', '', '', 0, 45, '', '', '', 1, 0, 0, 0, 0, 0, 0, 0, 0, 0, 0, 0, 2, 'C', 100, 'Comprado', 1, 'default.jpg', 'default.jpg', 'default.jpg', 'default.jpg', 5, 3, '4a4d6e2e477e034a8f2be14bb24c0fd3.jpg'),
(288, '2018-10-23 01:13:30', '2018-10-23 01:13:30', 'Super Street Fighter 2 T Hd Remix', '', 'Original', 'USA', 14.99, 0.00, 'Xbox 360', 'Jogo Digital', '', 'Luta', 'Capcom', 'Capcom', 0, 47, '', '', '', 0, 0, 0, 0, 0, 0, 0, 0, 0, 0, 0, 0, 2, 'P', 0, 'Comprado', 1, 'default.jpg', 'default.jpg', 'default.jpg', 'default.jpg', 0, 0, 'c4ed510002f6f84d5136c90a3d3a37b7.jpg'),
(289, '2018-10-23 01:14:42', '2018-10-23 01:14:42', 'Tomb Raider Anniversary', '', 'Original', 'USA', 1.99, 0.00, 'Xbox 360', 'Jogo Digital', '', 'Aventura', '', '', 0, 32, '', '', '', 0, 0, 0, 0, 0, 0, 0, 0, 0, 0, 0, 0, 2, 'P', 0, 'Comprado', 1, 'default.jpg', 'default.jpg', 'default.jpg', 'default.jpg', 0, 0, '98c15af98b3d04e8a46410adb0a712bc.jpg'),
(290, '2018-10-23 01:15:38', '2018-10-23 01:15:38', 'Tomb Raider Legend', '', 'Original', 'USA', 1.99, 0.00, 'Xbox 360', 'Jogo Digital', '', 'Aventura', '', '', 0, 22, '', '', '', 0, 0, 0, 0, 0, 0, 0, 0, 0, 0, 0, 0, 2, 'P', 0, 'Comprado', 1, 'default.jpg', 'default.jpg', 'default.jpg', 'default.jpg', 0, 0, 'fb6109459de0a2d5375172179aa5d2bf.jpg'),
(291, '2018-10-23 01:16:53', '2018-10-23 01:16:53', 'Mortal Kombat Arcade Kollection', '', 'Original', 'USA', 40.00, 0.00, 'Xbox 360', 'Jogo Digital', '', 'Luta', '', '', 0, 35, '', '', '', 0, 0, 0, 0, 0, 0, 0, 0, 0, 0, 0, 0, 2, 'P', 0, 'Comprado', 1, 'default.jpg', 'default.jpg', 'default.jpg', 'default.jpg', 0, 0, '52f10b26bdac353b491d0d2574a51695.jpg'),
(292, '2018-10-23 01:18:17', '2018-10-23 01:18:17', 'Black', '', 'Original', 'USA', 40.00, 0.00, 'Xbox One', 'Jogo Digital', '', 'Ação', '', '', 0, 45, '', '', '', 0, 0, 0, 0, 0, 0, 0, 0, 0, 0, 0, 0, 2, 'P', 0, 'Comprado', 1, 'default.jpg', 'default.jpg', 'default.jpg', 'default.jpg', 0, 0, 'a31941ce2673b1a41e449a17f8903733.jpg'),
(293, '2018-10-24 19:02:55', '2018-10-24 19:02:55', 'Dead Space', '', 'Original', 'USA', 19.90, 35.00, 'Xbox 360', 'Jogo Digital', '', 'Ação', '', '', 0, 42, '', '', '', 0, 0, 0, 0, 0, 0, 0, 0, 0, 0, 0, 0, 2, 'P', 0, 'Comprado', 1, 'default.jpg', 'default.jpg', 'default.jpg', 'default.jpg', 0, 0, '638d28d39755f645c753049d8277f7a7.jpg'),
(294, '2018-10-24 19:03:56', '2018-10-24 19:03:56', 'Dead Space 2', '', 'Original', 'USA', 25.00, 0.00, 'Xbox 360', 'Jogo Digital', '', 'Ação', '', '', 0, 42, '', '', '', 0, 0, 0, 0, 0, 0, 0, 0, 0, 0, 0, 0, 2, 'P', 0, 'Comprado', 1, 'default.jpg', 'default.jpg', 'default.jpg', 'default.jpg', 0, 0, 'a47dd1c931570426405421a6eca83736.jpg'),
(295, '2018-10-24 19:05:03', '2018-10-24 19:05:03', 'Dead Space 3', '', 'Original', 'USA', 25.00, 0.00, 'Xbox 360', 'Jogo Digital', '', 'Ação', '', '', 0, 49, '', '', '', 0, 0, 0, 0, 0, 0, 0, 0, 0, 0, 0, 0, 2, 'P', 0, 'Comprado', 1, 'default.jpg', 'default.jpg', 'default.jpg', 'default.jpg', 0, 0, '0844d2c48a1471b46e7795e8f9e31639.jpg'),
(296, '2018-10-25 01:08:07', '2018-10-25 01:08:07', 'Residente evolução HD remaster', '', 'Original', 'USA', 14.75, 0.00, 'Xbox 360', 'Jogo Digital', '', 'Ação', '', '', 0, 62, '', '', '', 0, 0, 0, 0, 0, 0, 0, 0, 0, 0, 0, 0, 2, 'P', 0, 'Comprado', 1, 'default.jpg', 'default.jpg', 'default.jpg', 'default.jpg', 0, 0, '3e8288144d29134d51d0e9422757c283.jpg'),
(297, '2018-10-25 01:09:06', '2018-10-25 01:09:06', 'Resident Evil 0', '', 'Original', 'USA', 14.75, 0.00, 'Xbox 360', 'Jogo Digital', '', 'Ação', '', '', 0, 62, '', '', '', 0, 0, 0, 0, 0, 0, 0, 0, 0, 0, 0, 0, 2, '', 0, 'Comprado', 1, 'default.jpg', 'default.jpg', 'default.jpg', 'default.jpg', 0, 0, '834963d198017d4e2dddf5f60d3f9130.jpg');

-- --------------------------------------------------------

--
-- Estrutura da tabela `tb_game_log`
--

CREATE TABLE `tb_game_log` (
  `id` int(11) NOT NULL,
  `descricao` varchar(1000) CHARACTER SET latin1 NOT NULL,
  `data` datetime NOT NULL,
  `id_user` int(11) NOT NULL,
  `id_item` int(11) NOT NULL,
  `icone` varchar(50) CHARACTER SET latin1 DEFAULT NULL
) ENGINE=MyISAM DEFAULT CHARSET=utf8;

--
-- Extraindo dados da tabela `tb_game_log`
--

INSERT INTO `tb_game_log` (`id`, `descricao`, `data`, `id_user`, `id_item`, `icone`) VALUES
(2, 'Cadastro um novo Pôster', '2017-12-31 00:34:02', 2, 234, 'fa-plus'),
(3, 'O Item XXX teve seus dados atualizados', '2017-12-31 01:21:47', 2, 1, 'fa-refresh'),
(4, 'O status encontra-se do XXX como ', '2017-12-31 01:23:10', 2, 1, 'fa-gamepad'),
(5, 'O status encontra-se do XXX como Pendente', '2017-12-31 01:30:22', 2, 3, 'fa-gamepad'),
(6, 'Cadastro um novo Panfletos de nome XXX', '2017-12-31 01:34:41', 2, 235, 'fa-plus'),
(81, 'Cadastro um novo Console de nome XXX', '2018-04-25 14:50:36', 2, 251, 'fa-plus'),
(9, 'O Item XXX teve seus dados atualizados', '2017-12-31 01:49:48', 2, 4, 'fa-refresh'),
(11, 'Foi adicionado uma nova imagem ao XXX ', '2017-12-31 01:58:34', 2, 8, 'fa-cloud-upload'),
(82, 'Cadastro um novo Outros Acessórios de nome XXX', '2018-04-26 08:20:52', 2, 252, 'fa-plus'),
(14, 'O progresso foi atualizado para 50% do XXX', '2017-12-31 02:04:23', 2, 2, 'fa-check'),
(15, 'O progresso foi atualizado para 50% do XXX', '2017-12-31 02:04:59', 2, 0, 'fa-check'),
(16, 'O Item XXX teve seus dados atualizados', '2018-01-01 18:34:45', 2, 4, 'fa-refresh'),
(17, 'O progresso foi atualizado para 6% do XXX', '2018-01-03 09:06:03', 2, 223, 'fa-check'),
(18, 'O progresso foi atualizado para 6% do XXX', '2018-01-03 09:06:16', 2, 223, 'fa-check'),
(80, 'Cadastro um novo Jogo Físico de nome XXX', '2018-04-25 14:49:39', 2, 250, 'fa-plus'),
(79, 'Cadastro um novo Jogo Físico de nome XXX', '2018-04-25 14:48:38', 2, 249, 'fa-plus'),
(78, 'Cadastro um novo Jogo Físico de nome XXX', '2018-04-25 14:47:47', 2, 248, 'fa-plus'),
(77, 'Cadastro um novo Jogo Físico de nome XXX', '2018-04-25 14:46:49', 2, 247, 'fa-plus'),
(23, 'Foi adicionado uma nova imagem ao XXX ', '2018-01-10 14:27:47', 2, 2, 'fa-cloud-upload'),
(24, 'Foi adicionado uma nova imagem ao XXX ', '2018-01-10 18:18:47', 2, 2, 'fa-cloud-upload'),
(76, 'Cadastro um novo Jogo Físico de nome XXX', '2018-04-16 18:37:56', 2, 246, 'fa-plus'),
(75, 'Cadastro um novo Jogo Digital de nome XXX', '2018-04-16 01:32:56', 2, 245, 'fa-plus'),
(74, 'O Item BlazBlue - Chrono Phantasma teve seus dados atualizados', '2018-04-12 21:13:57', 2, 236, 'fa-refresh'),
(73, 'Cadastro um novo Jogo Físico de nome XXX', '2018-04-12 20:59:38', 2, 244, 'fa-plus'),
(30, 'O Item XXX teve seus dados atualizados', '2018-01-12 19:48:55', 2, 2, 'fa-refresh'),
(72, 'Cadastro um novo Jogo Físico de nome XXX', '2018-04-12 20:49:48', 2, 243, 'fa-plus'),
(71, 'Cadastro um novo Jogo Digital de nome XXX', '2018-04-03 10:01:08', 2, 242, 'fa-plus'),
(70, 'Cadastro um novo Jogo Digital de nome XXX', '2018-04-02 01:12:58', 2, 241, 'fa-plus'),
(69, 'Cadastro um novo Jogo Físico de nome XXX', '2018-04-02 01:06:54', 2, 240, 'fa-plus'),
(35, 'O Item XXX teve seus dados atualizados', '2018-01-12 19:51:28', 2, 2, 'fa-refresh'),
(36, 'Cadastro um novo Jogo Digital de nome XXX', '2018-01-15 12:01:26', 2, 224, 'fa-plus'),
(37, 'Cadastro um novo Jogo Digital de nome XXX', '2018-01-15 19:46:02', 2, 225, 'fa-plus'),
(38, 'Cadastro um novo Jogo Digital de nome XXX', '2018-01-15 19:48:16', 2, 226, 'fa-plus'),
(39, 'Cadastro um novo Jogo Digital de nome XXX', '2018-01-15 19:51:06', 2, 227, 'fa-plus'),
(40, 'Cadastro um novo Jogo Digital de nome XXX', '2018-01-15 20:02:08', 2, 228, 'fa-plus'),
(41, 'Cadastro um novo Jogo Digital de nome XXX', '2018-01-15 20:03:30', 2, 229, 'fa-plus'),
(68, 'Cadastro um novo Jogo Digital de nome XXX', '2018-03-13 16:32:01', 2, 239, 'fa-plus'),
(67, 'Cadastro um novo Jogo Digital de nome XXX', '2018-03-13 16:28:45', 2, 238, 'fa-plus'),
(66, 'Cadastro um novo Jogo Digital de nome XXX', '2018-03-13 16:26:13', 2, 237, 'fa-plus'),
(45, 'O status encontra-se do XXX como Concluído', '2018-01-16 00:48:49', 2, 2, 'fa-gamepad'),
(46, 'O progresso foi atualizado para 85% do XXX', '2018-01-16 00:52:17', 2, 2, 'fa-check'),
(65, 'Cadastro um novo Jogo Digital de nome XXX', '2018-03-13 16:18:38', 2, 236, 'fa-plus'),
(48, 'Foi adicionado uma nova imagem ao XXX ', '2018-01-18 14:40:44', 2, 2, 'fa-cloud-upload'),
(49, 'O Item XXX teve seus dados atualizados', '2018-01-22 12:57:38', 2, 2, 'fa-refresh'),
(64, 'Cadastro um novo Jogo Digital de nome XXX', '2018-03-13 16:14:04', 2, 235, 'fa-plus'),
(63, 'Cadastro um novo Jogo Digital de nome XXX', '2018-03-13 16:10:38', 2, 234, 'fa-plus'),
(52, 'O Item XXX teve seus dados atualizados', '2018-01-23 11:29:53', 2, 2, 'fa-refresh'),
(53, 'Cadastro um novo Jogo Físico de nome XXX', '2018-01-25 20:08:52', 2, 230, 'fa-plus'),
(62, 'Cadastro um novo Console de nome XXX', '2018-02-07 12:49:15', 1, 233, 'fa-plus'),
(61, 'Cadastro um novo Jogo Físico de nome XXX', '2018-02-07 12:47:21', 1, 232, 'fa-plus'),
(60, 'Cadastro um novo Jogo Físico de nome XXX', '2018-02-05 01:09:47', 2, 231, 'fa-plus'),
(59, 'O Item Top Gear 3000 teve seus dados atualizados', '2018-02-01 08:58:01', 2, 131, 'fa-refresh'),
(83, 'O Item Shrek Reekin Havoc teve seus dados atualizados', '2018-04-26 08:58:35', 2, 248, 'fa-refresh'),
(84, 'Foi adicionado uma nova imagem ao Shrek Reekin Havoc ', '2018-04-26 08:59:27', 2, 248, 'fa-cloud-upload'),
(85, 'Foi adicionado uma nova imagem ao King of Fighter EX - Neo Blood ', '2018-04-26 09:00:24', 2, 247, 'fa-cloud-upload'),
(86, 'O status encontra-se do King of Fighter EX - Neo Blood como Pendente', '2018-04-26 09:00:46', 2, 247, 'fa-gamepad'),
(87, 'O status encontra-se do King of Fighter EX - Neo Blood como Pendente', '2018-04-26 09:00:56', 2, 247, 'fa-gamepad'),
(88, 'O status encontra-se do Super Mario Advance como Pendente', '2018-04-26 09:08:34', 2, 249, 'fa-gamepad'),
(89, 'O status encontra-se do Shrek Reekin Havoc como Pendente', '2018-04-26 09:09:07', 2, 248, 'fa-gamepad'),
(90, 'O status encontra-se do Shrek Reekin Havoc como Pendente', '2018-04-26 09:09:17', 2, 248, 'fa-gamepad'),
(91, 'Foi adicionado uma nova imagem ao Game Boy Advance ', '2018-04-26 09:10:58', 2, 251, 'fa-cloud-upload'),
(92, 'O status encontra-se do The Legend of Zelda Oracle of Seasons como Pendente', '2018-04-26 09:13:41', 2, 250, 'fa-gamepad'),
(93, 'O status encontra-se do The Legend of Zelda Oracle of Seasons como Pendente', '2018-04-26 09:14:00', 2, 250, 'fa-gamepad'),
(94, 'O Item Pokémon Yellow teve seus dados atualizados', '2018-04-26 09:15:28', 2, 152, 'fa-refresh'),
(95, 'Cadastro um novo Jogo Físico de nome XXX', '2018-05-01 12:44:50', 2, 253, 'fa-plus'),
(96, 'Foi adicionado uma nova imagem ao BlazBlue - Chrono Phantasma ', '2018-05-02 09:51:02', 2, 236, 'fa-cloud-upload'),
(97, 'Cadastro um novo Revista de nome XXX', '2018-05-02 12:21:34', 2, 254, 'fa-plus'),
(98, 'Foi adicionado uma nova imagem ao teste ', '2018-05-02 12:22:18', 2, 254, 'fa-cloud-upload'),
(99, 'O progresso foi atualizado para 39% do UNCHARTED The Nathan Drake Collection', '2018-05-05 22:57:56', 2, 223, 'fa-check'),
(100, 'O progresso foi atualizado para 95% do New Super Mario Bros 2', '2018-05-05 22:58:45', 2, 49, 'fa-check'),
(101, 'O progresso foi atualizado para 42% do King of Fighter EX - Neo Blood', '2018-05-05 23:01:21', 2, 247, 'fa-check'),
(102, 'O progresso foi atualizado para 84% do Dungeons & Dragons: Chronicles of Mystara', '2018-05-05 23:02:53', 2, 245, 'fa-check'),
(103, 'Cadastro um novo Jogo Físico de nome XXX', '2018-06-01 20:02:45', 2, 255, 'fa-plus'),
(104, 'Cadastro um novo Jogo Físico de nome XXX', '2018-06-05 19:21:33', 2, 256, 'fa-plus'),
(105, 'Cadastro um novo Jogo Físico de nome XXX', '2018-06-05 19:23:04', 2, 257, 'fa-plus'),
(106, 'Foi adicionado uma nova imagem ao DmC ', '2018-06-07 13:33:50', 2, 258, 'fa-cloud-upload'),
(107, 'Foi adicionado uma nova imagem ao Dead Island Definitive Edition ', '2018-06-07 13:35:42', 2, 265, 'fa-cloud-upload'),
(108, 'Foi adicionado uma nova imagem ao METAL GEAR SOLID V: GROUND ZEROES ', '2018-06-07 13:40:21', 2, 259, 'fa-cloud-upload'),
(109, 'Foi adicionado uma nova imagem ao INSIDE ', '2018-06-07 13:40:48', 2, 264, 'fa-cloud-upload'),
(110, 'Foi adicionado uma nova imagem ao LIMBO ', '2018-06-07 13:41:11', 2, 263, 'fa-cloud-upload'),
(111, 'Foi adicionado uma nova imagem ao Metro Redux Bundle ', '2018-06-07 13:41:32', 2, 262, 'fa-cloud-upload'),
(112, 'Foi adicionado uma nova imagem ao Marvel: Ultimate Alliance Bundle ', '2018-06-07 13:41:57', 2, 261, 'fa-cloud-upload'),
(113, 'Foi adicionado uma nova imagem ao DEUS EX: HUMAN REVOLUTION ', '2018-06-07 13:42:23', 2, 260, 'fa-cloud-upload'),
(114, 'Foi adicionado uma nova imagem ao Metro Redux Bundle ', '2018-06-07 13:44:12', 2, 262, 'fa-cloud-upload'),
(115, 'Cadastro um novo Jogo Digital de nome XXX', '2018-06-14 22:22:00', 2, 266, 'fa-plus'),
(116, 'Cadastro um novo Jogo Físico de nome XXX', '2018-06-14 22:26:35', 2, 267, 'fa-plus'),
(117, 'Cadastro um novo Jogo Físico de nome XXX', '2018-06-14 22:27:56', 2, 268, 'fa-plus'),
(118, 'Cadastro um novo Jogo Digital de nome XXX', '2018-06-14 22:30:57', 2, 269, 'fa-plus'),
(119, 'Cadastro um novo Jogo Digital de nome XXX', '2018-06-14 22:33:29', 2, 270, 'fa-plus'),
(120, 'O Item DmC teve seus dados atualizados', '2018-06-14 22:36:39', 2, 258, 'fa-refresh'),
(121, 'Cadastro um novo Jogo Digital de nome XXX', '2018-06-14 22:42:24', 2, 271, 'fa-plus'),
(122, 'Cadastro um novo Jogo Digital de nome XXX', '2018-06-14 22:44:13', 2, 272, 'fa-plus'),
(123, 'Cadastro um novo Jogo Digital de nome XXX', '2018-06-14 22:46:55', 2, 273, 'fa-plus'),
(124, 'Cadastro um novo Jogo Digital de nome XXX', '2018-06-14 22:47:48', 2, 274, 'fa-plus'),
(125, 'Cadastro um novo Jogo Digital de nome XXX', '2018-06-14 22:51:42', 2, 275, 'fa-plus'),
(126, 'Cadastro um novo Jogo Físico de nome XXX', '2018-06-14 22:54:22', 2, 276, 'fa-plus'),
(127, 'O Item Command & Conquer Red Alert teve seus dados atualizados', '2018-06-14 22:55:30', 2, 22, 'fa-refresh'),
(128, 'O Item Command & Conquer Tiberian Sun teve seus dados atualizados', '2018-06-14 22:56:39', 2, 23, 'fa-refresh'),
(129, 'O Item Senhor dos Aneis - O Retorno do Rei teve seus dados atualizados', '2018-06-14 22:57:14', 2, 21, 'fa-refresh'),
(130, 'O Item Unreal Tournament teve seus dados atualizados', '2018-06-14 22:59:41', 2, 24, 'fa-refresh'),
(131, 'Cadastro um novo Jogo Físico de nome XXX', '2018-06-27 20:31:25', 2, 277, 'fa-plus'),
(132, 'Cadastro um novo Jogo Físico de nome XXX', '2018-06-27 20:33:32', 2, 278, 'fa-plus'),
(133, 'O Item God of War - Ghost of Sparta teve seus dados atualizados', '2018-06-28 09:28:40', 2, 42, 'fa-refresh'),
(134, 'O Item God of War - Chains of Olympus teve seus dados atualizados', '2018-06-28 09:28:54', 2, 43, 'fa-refresh'),
(135, 'O Item Midnight Club 3 - Dub Edition teve seus dados atualizados', '2018-06-28 09:29:09', 2, 44, 'fa-refresh'),
(136, 'O Item Manhunt 2 teve seus dados atualizados', '2018-06-28 09:29:26', 2, 45, 'fa-refresh'),
(137, 'O Item Super Scribblenauts teve seus dados atualizados', '2018-06-28 09:30:47', 2, 38, 'fa-refresh'),
(138, 'O Item Green Lantern - Rise of the Manhunters teve seus dados atualizados', '2018-06-28 09:30:59', 2, 39, 'fa-refresh'),
(139, 'O Item Call of Duty 4 - Modern Warfare teve seus dados atualizados', '2018-06-28 09:31:12', 2, 40, 'fa-refresh'),
(140, 'O Item Ultimate Mortal Kombat DS teve seus dados atualizados', '2018-06-28 09:31:24', 2, 41, 'fa-refresh'),
(141, 'O Item Acekard 2i teve seus dados atualizados', '2018-06-28 09:31:36', 2, 205, 'fa-refresh'),
(142, 'Cadastro um novo Adaptador de nome XXX', '2018-06-28 09:35:08', 2, 279, 'fa-plus'),
(143, 'O Item Game Boy Advance teve seus dados atualizados', '2018-07-09 13:08:46', 2, 251, 'fa-refresh'),
(144, 'Cadastro um novo Jogo Físico de nome XXX', '2018-08-14 11:26:04', 2, 280, 'fa-plus'),
(145, 'Cadastro um novo Jogo Físico de nome XXX', '2018-08-14 11:27:11', 2, 281, 'fa-plus'),
(146, 'Cadastro um novo Jogo Físico de nome XXX', '2018-10-22 11:32:16', 2, 282, 'fa-plus'),
(147, 'Cadastro um novo Jogo Físico de nome XXX', '2018-10-22 11:34:38', 2, 283, 'fa-plus'),
(148, 'Cadastro um novo Jogo Físico de nome XXX', '2018-10-22 11:37:01', 2, 284, 'fa-plus'),
(149, 'Cadastro um novo Jogo Físico de nome XXX', '2018-10-22 11:39:47', 2, 285, 'fa-plus'),
(150, 'Cadastro um novo Jogo Físico de nome XXX', '2018-10-22 11:41:35', 2, 286, 'fa-plus'),
(151, 'O Item Playstation One teve seus dados atualizados', '2018-10-22 14:58:08', 2, 189, 'fa-refresh'),
(152, 'O Item Horizon Chase Turbo teve seus dados atualizados', '2018-10-22 23:24:59', 2, 257, 'fa-refresh'),
(153, 'O Item Super Mario 3D Land teve seus dados atualizados', '2018-10-22 23:25:48', 2, 47, 'fa-refresh'),
(154, 'O Item Injustice Gods Among teve seus dados atualizados', '2018-10-22 23:32:38', 2, 1, 'fa-refresh'),
(155, 'O Item Doom teve seus dados atualizados', '2018-10-22 23:33:03', 2, 16, 'fa-refresh'),
(156, 'O Item Ryse Son Of Rome teve seus dados atualizados', '2018-10-22 23:34:04', 2, 17, 'fa-refresh'),
(157, 'O Item Manhunt 2 teve seus dados atualizados', '2018-10-22 23:34:40', 2, 45, 'fa-refresh'),
(158, 'O Item Metal Gear Rising teve seus dados atualizados', '2018-10-22 23:35:09', 2, 2, 'fa-refresh'),
(159, 'O Item Green Lantern - Rise of the Manhunters teve seus dados atualizados', '2018-10-22 23:35:35', 2, 39, 'fa-refresh'),
(160, 'O Item Super Scribblenauts teve seus dados atualizados', '2018-10-22 23:36:02', 2, 38, 'fa-refresh'),
(161, 'O Item PSP teve seus dados atualizados', '2018-10-22 23:39:02', 2, 194, 'fa-refresh'),
(162, 'O Item Mortal Kombat X teve seus dados atualizados', '2018-10-22 23:40:24', 2, 19, 'fa-refresh'),
(163, 'O Item Xbox One teve seus dados atualizados', '2018-10-22 23:40:58', 2, 192, 'fa-refresh'),
(164, 'O Item Gears of War 4 teve seus dados atualizados', '2018-10-22 23:43:03', 2, 15, 'fa-refresh'),
(165, 'O Item Mega Man legacy collection teve seus dados atualizados', '2018-10-22 23:47:05', 2, 282, 'fa-refresh'),
(166, 'O Item Wario Land 2 teve seus dados atualizados', '2018-10-22 23:48:29', 2, 281, 'fa-refresh'),
(167, 'O Item Real bout fatal Fury special teve seus dados atualizados', '2018-10-22 23:48:49', 2, 280, 'fa-refresh'),
(168, 'Cadastro um novo Jogo Físico de nome XXX', '2018-10-22 23:51:40', 2, 287, 'fa-plus'),
(169, 'O Item Command & Conquer 64 teve seus dados atualizados', '2018-10-22 23:53:07', 2, 107, 'fa-refresh'),
(170, 'O Item Shadow of the Colossus teve seus dados atualizados', '2018-10-22 23:53:49', 2, 31, 'fa-refresh'),
(171, 'O Item James Bond 007 teve seus dados atualizados', '2018-10-22 23:54:09', 2, 54, 'fa-refresh'),
(172, 'O Item Mortal Kombat - Deadly Alliance teve seus dados atualizados', '2018-10-23 00:01:52', 2, 158, 'fa-refresh'),
(173, 'O Item Mortal Kombat - Deception teve seus dados atualizados', '2018-10-23 00:02:06', 2, 159, 'fa-refresh'),
(174, 'O Item God of War - Ghost of Sparta teve seus dados atualizados', '2018-10-23 00:03:03', 2, 42, 'fa-refresh'),
(175, 'O Item God of War - Chains of Olympus teve seus dados atualizados', '2018-10-23 00:03:15', 2, 43, 'fa-refresh'),
(176, 'Cadastro um novo Jogo Digital de nome XXX', '2018-10-23 01:13:30', 2, 288, 'fa-plus'),
(177, 'Cadastro um novo Jogo Digital de nome XXX', '2018-10-23 01:14:42', 2, 289, 'fa-plus'),
(178, 'Cadastro um novo Jogo Digital de nome XXX', '2018-10-23 01:15:38', 2, 290, 'fa-plus'),
(179, 'Cadastro um novo Jogo Digital de nome XXX', '2018-10-23 01:16:53', 2, 291, 'fa-plus'),
(180, 'Cadastro um novo Jogo Digital de nome XXX', '2018-10-23 01:18:17', 2, 292, 'fa-plus'),
(181, 'O Item Double dragon IV teve seus dados atualizados', '2018-10-23 01:23:00', 2, 266, 'fa-refresh'),
(182, 'Cadastro um novo Jogo Digital de nome XXX', '2018-10-24 19:02:55', 2, 293, 'fa-plus'),
(183, 'Cadastro um novo Jogo Digital de nome XXX', '2018-10-24 19:03:56', 2, 294, 'fa-plus'),
(184, 'Cadastro um novo Jogo Digital de nome XXX', '2018-10-24 19:05:03', 2, 295, 'fa-plus'),
(185, 'Cadastro um novo Jogo Digital de nome XXX', '2018-10-25 01:08:07', 2, 296, 'fa-plus'),
(186, 'Cadastro um novo Jogo Digital de nome XXX', '2018-10-25 01:09:06', 2, 297, 'fa-plus'),
(187, 'O Item Playstation One teve seus dados atualizados', '2018-11-16 19:06:31', 2, 189, 'fa-refresh'),
(188, 'O Item Master System 3 Compact teve seus dados atualizados', '2018-11-16 19:07:54', 2, 183, 'fa-refresh'),
(189, 'O Item Mega Drive 3 - 47 Super Jogos teve seus dados atualizados', '2018-11-16 19:09:41', 2, 186, 'fa-refresh'),
(190, 'O Item Nintendo Entertainment System (NES) teve seus dados atualizados', '2018-11-16 19:11:31', 2, 184, 'fa-refresh'),
(191, 'O Item Super Nintendo Baby teve seus dados atualizados', '2018-11-16 19:12:23', 2, 187, 'fa-refresh'),
(192, 'O Item Nintendo 64 teve seus dados atualizados', '2018-11-16 19:12:56', 2, 188, 'fa-refresh'),
(193, 'O Item Nintendo 64 teve seus dados atualizados', '2018-11-16 19:13:31', 2, 188, 'fa-refresh'),
(194, 'O Item Nintendo DS lite teve seus dados atualizados', '2018-11-16 19:22:48', 2, 196, 'fa-refresh'),
(195, 'O Item PSP teve seus dados atualizados', '2018-11-16 19:23:48', 2, 194, 'fa-refresh'),
(196, 'O Item Game Boy Color teve seus dados atualizados', '2018-11-17 11:21:23', 2, 195, 'fa-refresh'),
(197, 'O Item Nintendo 2DS teve seus dados atualizados', '2018-11-17 11:21:47', 2, 197, 'fa-refresh'),
(198, 'O Item Game Boy Advance teve seus dados atualizados', '2018-11-17 11:22:30', 2, 251, 'fa-refresh'),
(199, 'O Item Xbox One teve seus dados atualizados', '2018-11-17 11:23:55', 2, 192, 'fa-refresh'),
(200, 'O Item Playstation 4 Slim teve seus dados atualizados', '2018-11-17 11:24:19', 2, 204, 'fa-refresh'),
(201, 'O Item Nintendo Wii teve seus dados atualizados', '2018-11-17 11:24:53', 2, 193, 'fa-refresh'),
(202, 'O Item Xbox 360 - Arcade teve seus dados atualizados', '2018-11-17 11:25:46', 2, 191, 'fa-refresh'),
(203, 'O Item Playstation 2 Slim teve seus dados atualizados', '2018-11-17 11:26:30', 2, 190, 'fa-refresh');

-- --------------------------------------------------------

--
-- Estrutura da tabela `tb_game_user`
--

CREATE TABLE `tb_game_user` (
  `id` int(11) NOT NULL,
  `nome` varchar(200) CHARACTER SET latin1 NOT NULL,
  `email` varchar(200) CHARACTER SET latin1 NOT NULL,
  `senha` varchar(50) CHARACTER SET latin1 NOT NULL,
  `data_nascimento` date DEFAULT NULL,
  `telefone` varchar(10) CHARACTER SET latin1 DEFAULT NULL,
  `site` varchar(255) CHARACTER SET latin1 DEFAULT NULL,
  `descricao` varchar(1000) CHARACTER SET latin1 DEFAULT NULL,
  `foto` varchar(255) DEFAULT NULL,
  `fundo` varchar(255) DEFAULT NULL
) ENGINE=MyISAM DEFAULT CHARSET=utf8;

--
-- Extraindo dados da tabela `tb_game_user`
--

INSERT INTO `tb_game_user` (`id`, `nome`, `email`, `senha`, `data_nascimento`, `telefone`, `site`, `descricao`, `foto`, `fundo`) VALUES
(1, 'Convidado', 'convidado@email.com', 'convidado', '2018-02-01', '8888888888', 'www.dicaseprogramacao.com.br', 'Interface para acesso convidado, nesse modo o usuário pode experimentar o sistema.', NULL, NULL),
(2, 'Deibson Anderson', 'deibson.januario@gmail.com', 'dajdaj', '1948-05-23', '8197084623', 'www.dicaseprogramacao.com.br', 'Colecionador de RetroGames', 'a5dc3f72eadd645c451e618aa0e069a6.jpg', '270dba31799464516514416a764eb313.jpg');

--
-- Indexes for dumped tables
--

--
-- Indexes for table `tb_game_item`
--
ALTER TABLE `tb_game_item`
  ADD PRIMARY KEY (`id`);

--
-- Indexes for table `tb_game_log`
--
ALTER TABLE `tb_game_log`
  ADD PRIMARY KEY (`id`);

--
-- Indexes for table `tb_game_user`
--
ALTER TABLE `tb_game_user`
  ADD PRIMARY KEY (`id`);

--
-- AUTO_INCREMENT for dumped tables
--

--
-- AUTO_INCREMENT for table `tb_game_item`
--
ALTER TABLE `tb_game_item`
  MODIFY `id` int(11) NOT NULL AUTO_INCREMENT, AUTO_INCREMENT=298;
--
-- AUTO_INCREMENT for table `tb_game_log`
--
ALTER TABLE `tb_game_log`
  MODIFY `id` int(11) NOT NULL AUTO_INCREMENT, AUTO_INCREMENT=204;
--
-- AUTO_INCREMENT for table `tb_game_user`
--
ALTER TABLE `tb_game_user`
  MODIFY `id` int(11) NOT NULL AUTO_INCREMENT, AUTO_INCREMENT=3;
/*!40101 SET CHARACTER_SET_CLIENT=@OLD_CHARACTER_SET_CLIENT */;
/*!40101 SET CHARACTER_SET_RESULTS=@OLD_CHARACTER_SET_RESULTS */;
/*!40101 SET COLLATION_CONNECTION=@OLD_COLLATION_CONNECTION */;
